student_id,name,dept,gender,semester,section,height_cm,weight_kg,att_T1,att_T2,att_T3,att_T4,att_T5,att_T6,att_T7,submitted_A1,submitted_A2,submitted_A3,submitted_A4,submitted_A5,submitted_A6,submitted_A7,ontime_A1,ontime_A2,ontime_A3,ontime_A4,ontime_A5,ontime_A6,ontime_A7,marks_A1,marks_A2,marks_A3,marks_A4,marks_A5,marks_A6,marks_A7,dept_clean,gender_clean,height_outlier,weight_outlier,Attended_sessions,Submitted_count,Total_Marks,Mean_Marks,Median_Marks,Best_Mark,Worst_Mark
S0167,Maliha Sarker,MEE,Male,7,B,178.1,180.0,0,0,1,0,1,0,1,1,1,1,1,0,1,0,1,0,1,1,0,1,0,61.7,75.6,72.6,55.8,,82.5,,MEE,MALE,False,True,3,5,348.2,69.64,72.6,82.5,55.8
S0024,Hasan Ahmed,PHY,Male,3,A,172.1,95.0,1,1,1,1,0,1,1,1,0,0,1,1,1,1,1,0,0,1,1,1,1,81.7,,,67.0,85.2,70.0,67.4,PHYSICS,MALE,False,True,6,5,371.29999999999995,74.25999999999999,70.0,85.2,67.0
S0129,Hasan Islam,STA,Male,5,B,174.3,93.7,1,0,1,1,1,1,0,0,1,0,1,1,1,1,0,1,0,1,1,1,0,,57.2,,58.5,63.2,67.3,53.8,STAT,MALE,False,True,5,5,300.0,60.0,58.5,67.3,53.8
S0093,Jannat Sultana,MAT,Male,2,D,178.5,92.9,0,0,0,0,0,0,1,1,1,1,1,0,1,1,1,1,1,0,0,0,1,55.2,58.4,70.0,50.4,,59.7,68.8,MATH,MALE,False,False,1,6,362.5,60.416666666666664,59.05,70.0,50.4
S0287,Nabila Karim,iPe,Male,6,C,167.0,91.5,1,1,0,1,1,1,1,1,1,1,1,1,1,0,1,0,0,1,0,1,0,64.6,59.4,64.4,56.5,50.8,65.4,,IPE,MALE,False,False,6,6,361.1,60.18333333333334,61.900000000000006,65.4,50.8
S0198,Tamanna Hasan,CSE,Male,6,B,168.2,91.5,0,1,1,0,1,0,1,1,1,1,0,0,1,1,1,1,1,0,0,0,0,72.3,,61.0,,,48.1,78.3,CSE,MALE,False,False,4,5,259.7,64.925,66.65,78.3,48.1
S0160,Maliha Rahman,CSE,male,5,B,181.2,87.6,0,0,0,0,1,0,0,1,0,0,0,1,1,1,0,0,0,0,1,1,1,61.0,,,,73.0,62.5,67.5,CSE,MALE,False,False,1,4,264.0,66.0,65.0,73.0,61.0
S0065,Sifat Mia,EEE,Male,7,A,161.3,86.7,0,1,0,1,1,1,1,1,1,1,0,1,1,1,1,1,0,0,0,0,1,93.2,85.6,93.8,,73.6,90.3,86.9,EEE,MALE,False,False,5,6,523.4000000000001,87.23333333333335,88.6,93.8,73.6
S0052,Sakib Sarker,CSE,Male,1,B,167.8,84.7,1,1,1,1,1,1,1,1,1,1,1,1,1,1,0,1,1,1,0,0,0,70.6,49.1,58.7,59.8,48.8,50.5,59.5,CSE,MALE,False,False,7,7,397.0,56.714285714285715,58.7,70.6,48.8
S0285,Shihab Roy,CSE,Male,2,B,174.0,84.7,1,1,1,1,0,1,1,1,1,1,1,1,1,0,1,1,0,1,0,0,0,70.1,74.5,72.9,62.6,74.0,70.8,,CSE,MALE,False,False,6,6,424.90000000000003,70.81666666666668,71.85,74.5,62.6
S0097,Arif Ahmed,STA,male,1,C,164.1,83.7,1,1,1,1,1,1,1,1,0,1,1,1,1,0,1,0,1,1,1,1,0,78.6,,81.2,78.6,89.7,85.7,,STAT,MALE,False,False,7,5,413.8,82.76,81.2,89.7,78.6
S0196,Hasan Molla,CSE,Male,1,A,169.0,82.7,1,1,1,1,1,1,1,1,1,0,1,1,1,1,0,1,0,1,0,0,1,64.1,63.8,,65.9,65.5,48.7,61.5,CSE,MALE,False,False,7,6,369.5,61.583333333333336,63.949999999999996,65.9,48.7
S0152,Nishat Barman,EEE,Male,3,A,164.6,82.5,1,1,1,1,1,0,1,1,1,0,1,1,1,1,0,1,0,0,0,1,1,82.0,74.7,,74.5,83.2,84.8,68.5,EEE,MALE,False,False,6,6,467.7,77.95,78.35,84.8,68.5
S0112,Nishat Chowdhury,EEE,Male,3,C,160.7,82.3,1,0,0,0,1,1,0,1,0,1,1,1,1,1,1,0,0,0,1,1,0,83.6,,80.6,66.4,90.7,71.5,73.1,EEE,MALE,False,False,3,6,465.9,77.64999999999999,76.85,90.7,66.4
S0009,Hasan Roy,CSE,Male,6,A,181.8,82.2,1,1,1,1,1,0,1,1,1,0,1,1,1,1,0,1,0,1,1,0,0,53.1,65.9,,77.2,80.1,66.2,75.3,CSE,MALE,False,False,6,6,417.79999999999995,69.63333333333333,70.75,80.1,53.1
S0124,Shihab Akter,STA,Male,7,A,171.6,82.0,1,1,1,1,1,1,1,1,1,1,1,1,1,1,0,0,1,0,0,0,1,60.6,67.1,70.4,62.7,64.9,56.1,65.9,STAT,MALE,False,False,7,7,447.70000000000005,63.95714285714286,64.9,70.4,56.1
S0236,Shuvo Ahmed, CSE,Female,6,C,162.5,81.3,1,1,1,1,1,1,1,1,0,1,0,1,1,1,1,0,0,0,0,1,0,77.0,,72.7,,72.8,65.8,69.4,CSE,FEMALE,False,False,7,5,357.70000000000005,71.54,72.7,77.0,65.8
S0176,Zara Mia,MAT,Male,7,D,162.8,81.3,1,1,1,1,1,0,1,1,0,1,0,1,1,1,0,0,1,0,1,1,1,65.8,,49.6,,62.4,58.3,54.1,MATH,MALE,False,False,6,5,290.20000000000005,58.040000000000006,58.3,65.8,49.6
S0043,Maliha Akter,STA,Male,8,B,177.6,81.2,0,0,1,0,1,0,0,1,1,1,1,1,0,1,0,0,0,0,1,0,0,59.7,55.1,70.7,59.7,72.2,,61.5,STAT,MALE,False,False,2,6,378.9,63.15,60.6,72.2,55.1
S0214,Fahim Uddin,STA,Male,3,A,182.3,81.0,0,1,1,1,1,0,0,1,1,1,1,1,1,0,1,0,0,1,1,1,0,58.2,65.6,65.6,68.3,54.7,63.3,,STAT,MALE,False,False,4,6,375.7,62.61666666666667,64.44999999999999,68.3,54.7
S0096,Tamanna Roy,CSE,Male,6,D,175.5,80.9,1,1,1,1,1,1,1,0,0,1,1,1,0,1,0,0,1,0,1,0,0,,,66.9,74.6,79.6,,60.6,CSE,MALE,False,False,7,4,281.7,70.425,70.75,79.6,60.6
S0189,Tahia Karim,IPE,Male,5,D,164.5,79.9,1,0,0,1,0,0,1,0,0,0,1,1,1,1,0,0,0,0,1,0,0,,,,67.7,56.9,60.2,49.4,IPE,MALE,False,False,3,4,234.20000000000002,58.550000000000004,58.55,67.7,49.4
S0286,Sami Islam,PHY,Male,4,C,157.6,79.7,1,1,1,1,0,1,1,0,0,1,1,1,1,0,0,0,0,0,0,0,0,,,70.1,71.2,76.7,82.8,,PHYSICS,MALE,False,False,6,4,300.8,75.2,73.95,82.8,70.1
S0090,Imran Chowdhury,STA,Male,8,C,168.1,79.6,0,1,0,0,1,0,1,1,0,1,1,1,0,1,1,0,0,1,1,0,1,73.3,,77.0,88.9,77.0,,74.6,STAT,MALE,False,False,3,5,390.80000000000007,78.16000000000001,77.0,88.9,73.3
S0139,Shihab Akter,EEE,Female,5,C,168.6,79.5,1,0,0,1,0,0,0,1,0,1,0,1,1,0,1,0,1,0,0,0,0,85.3,,56.4,,68.8,78.9,,EEE,FEMALE,False,False,2,4,289.4,72.35,73.85,85.3,56.4
S0185,Sami Chowdhury,CSE,Male,6,B,120.0,79.3,1,0,1,0,0,1,1,1,1,0,1,1,1,1,1,1,0,0,0,0,0,62.9,61.9,,70.3,63.5,65.8,54.4,CSE,MALE,True,False,4,6,378.8,63.13333333333333,63.2,70.3,54.4
S0151,Raisa Karim,EEE,Male,1,C,168.0,78.6,1,1,1,0,1,0,0,1,1,0,1,1,1,1,1,1,0,1,1,1,1,98.0,80.6,,77.0,89.0,79.4,79.7,EEE,MALE,False,False,4,6,503.7,83.95,80.15,98.0,77.0
S0070,Shihab Chowdhury,CSE,Male,4,C,168.9,78.5,0,1,0,1,1,1,1,1,1,1,1,1,0,1,1,1,1,1,1,0,0,79.1,90.8,74.2,81.6,84.6,,88.8,CSE,MALE,False,False,5,6,499.09999999999997,83.18333333333332,83.1,90.8,74.2
S0257,Jannat Rahman,SWE,Male,4,B,162.6,78.4,1,1,1,1,1,1,0,1,1,1,1,1,1,1,1,1,1,0,0,1,1,79.2,76.4,68.6,80.6,58.4,66.3,67.7,SWE,MALE,False,False,6,7,497.2,71.02857142857142,68.6,80.6,58.4
S0068,Sami Rahman,Physics,Male,7,D,162.9,78.4,1,0,0,0,1,1,1,0,1,1,0,0,1,1,0,1,1,0,0,0,1,,61.6,83.0,,,55.7,60.6,PHYSICS,MALE,False,False,4,4,260.90000000000003,65.22500000000001,61.1,83.0,55.7
S0272,Mahir Islam,CSE,Male,3,A,174.6,78.2,1,0,1,1,1,1,1,1,1,1,1,0,1,0,1,1,0,1,0,1,0,62.3,67.2,55.4,72.3,,50.2,,CSE,MALE,False,False,6,5,307.4,61.48,62.3,72.3,50.2
S0140,Ishita Biswas,CSE,Male,2,C,177.9,78.1,1,1,1,1,0,1,1,1,1,1,1,1,1,1,1,0,1,1,0,1,0,54.0,59.2,54.2,61.9,50.1,47.5,48.2,CSE,MALE,False,False,6,7,375.1,53.58571428571429,54.0,61.9,47.5
S0073,Jahid Biswas,SWE,Female,5,B,150.9,77.9,1,0,1,0,0,1,0,1,1,1,1,1,1,0,0,0,1,1,1,1,0,75.6,69.3,74.3,80.6,84.2,80.7,,SWE,FEMALE,False,False,3,6,464.69999999999993,77.44999999999999,78.1,84.2,69.3
S0038,Jahid Ahmed,CSE,Male,4,A,163.7,77.8,1,1,0,0,1,0,1,1,1,0,1,0,1,1,1,1,0,1,0,0,0,59.1,52.0,,66.6,,41.9,57.9,CSE,MALE,False,False,4,5,277.5,55.5,57.9,66.6,41.9
S0209,Tahmid Biswas, CSE,Male,5,B,169.8,77.7,0,1,1,1,1,1,1,1,0,1,0,1,1,1,1,0,1,0,1,1,0,64.0,,86.0,,79.8,81.3,85.9,CSE,MALE,False,False,6,5,397.0,79.4,81.3,86.0,64.0
S0190,Rayhan Chowdhury,MEE,Male,3,A,170.9,77.6,1,1,1,0,0,1,1,1,1,0,1,1,0,1,0,1,0,0,1,0,0,63.8,74.1,,74.0,84.3,,72.3,MEE,MALE,False,False,5,5,368.5,73.7,74.0,84.3,63.8
S0130,Tanzim Hasan,EEE,Male,2,A,164.0,77.5,1,1,0,1,0,1,0,1,0,1,1,1,1,1,1,0,1,0,0,0,0,79.8,,65.0,73.6,65.6,80.3,76.6,EEE,MALE,False,False,4,6,440.9,73.48333333333333,75.1,80.3,65.0
S0083,Tahia Sarker,EEE,Male,5,C,179.2,77.5,1,0,1,1,1,1,1,1,1,1,0,0,0,1,1,0,1,0,0,0,1,74.8,42.4,53.9,,,,75.7,EEE,MALE,False,False,6,4,246.8,61.7,64.35,75.7,42.4
S0071,Aisha Molla,CSE,Female,8,A,161.2,77.0,0,1,1,1,1,1,0,1,1,1,1,1,1,0,1,0,1,1,1,1,0,78.7,78.4,91.2,76.8,92.1,84.5,,CSE,FEMALE,False,False,5,6,501.70000000000005,83.61666666666667,81.6,92.1,76.8
S0136,Imran Mia,CSE,Male,5,A,172.0,76.8,1,0,0,0,1,0,0,0,1,1,0,0,1,1,0,1,0,0,0,1,1,,56.9,60.7,,,76.5,61.8,CSE,MALE,False,False,2,4,255.89999999999998,63.974999999999994,61.25,76.5,56.9
S0206,Tanzim Ahmed,EEE,Male,6,B,190.8,76.8,1,1,1,1,1,1,0,1,1,0,1,1,1,0,1,1,0,1,1,1,0,53.7,56.7,,64.1,73.2,57.9,,EEE,MALE,False,False,6,5,305.59999999999997,61.11999999999999,57.9,73.2,53.7
S0133,Anika Hasan,EEE,Female,6,B,154.5,76.4,1,0,1,1,1,1,1,0,1,1,1,1,1,1,0,1,1,1,1,0,1,,73.5,88.0,76.7,70.1,68.0,80.5,EEE,FEMALE,False,False,6,6,456.79999999999995,76.13333333333333,75.1,88.0,68.0
S0046,Arif Das,SoftwareEng,Male,7,B,154.4,76.1,1,0,1,0,1,1,0,1,1,1,1,1,0,1,1,1,0,1,1,0,1,66.8,53.8,62.1,64.9,61.6,,60.3,SOFTWAREENG,MALE,False,False,4,6,369.5,61.583333333333336,61.85,66.8,53.8
S0053,Hasan Rahman,CSE,Male,2,A,177.0,76.0,1,1,1,1,1,1,1,1,1,1,1,1,1,0,1,0,0,1,0,0,0,72.6,66.0,64.9,84.0,70.0,80.9,,CSE,MALE,False,False,7,6,438.4,73.06666666666666,71.3,84.0,64.9
S0256,Mahir Sultana, CSE,Female,3,C,169.8,75.8,1,0,1,1,1,1,1,1,1,1,1,1,1,0,0,1,1,1,1,1,0,55.6,56.1,57.7,51.4,61.6,69.6,,CSE,FEMALE,False,False,6,6,352.0,58.666666666666664,56.900000000000006,69.6,51.4
S0228,Arif Uddin,SWE,Male,6,B,162.7,75.4,1,1,1,1,1,1,1,1,1,1,1,1,1,1,1,1,0,1,1,1,1,69.7,51.8,63.0,70.5,56.1,62.3,65.7,SWE,MALE,False,False,7,7,439.1,62.728571428571435,63.0,70.5,51.8
S0245,Jannat Hossain,sta,Male,3,D,184.8,75.1,1,1,1,1,1,1,1,1,1,1,1,1,1,1,0,0,1,0,1,0,1,84.1,59.6,87.6,77.1,81.9,77.0,75.9,STAT,MALE,False,False,7,7,543.1999999999999,77.6,77.1,87.6,59.6
S0002,Zara Biswas,CSE,Male,2,B,163.7,75.0,1,0,0,1,0,1,1,0,1,1,1,1,1,1,0,1,1,1,1,0,1,,75.5,80.5,85.4,78.7,70.9,68.5,CSE,MALE,False,False,4,6,459.5,76.58333333333333,77.1,85.4,68.5
S0254,Rayhan Chowdhury,CSE,Male,3,A,159.3,74.9,1,0,1,1,1,1,1,1,1,1,0,1,0,0,0,0,1,0,0,0,0,44.9,61.2,65.6,,65.7,,,CSE,MALE,False,False,6,4,237.39999999999998,59.349999999999994,63.4,65.7,44.9
S0211,Jannat Hasan,MAT,Male,7,A,172.5,74.6,1,0,1,0,1,1,1,1,1,1,1,1,1,1,1,1,0,1,0,0,1,90.8,81.0,64.9,84.0,86.7,90.7,83.1,MATH,MALE,False,False,5,7,581.2,83.02857142857144,84.0,90.8,64.9
S0032,Tanzim Chowdhury,CSE,Male,1,B,165.5,74.5,1,0,1,1,1,1,1,1,1,1,1,1,1,1,1,1,1,1,1,1,1,67.9,64.0,65.5,81.9,88.5,78.0,86.7,CSE,MALE,False,False,6,7,532.5,76.07142857142857,78.0,88.5,64.0
S0018,Sami Roy,CSE,Male,2,C,183.2,74.5,1,1,1,1,1,1,1,1,1,1,1,1,1,0,1,1,0,0,0,0,0,59.8,53.5,67.3,73.2,47.2,48.1,,CSE,MALE,False,False,7,6,349.1,58.18333333333334,56.65,73.2,47.2
S0119,Mahir Mia,MAT,Male,3,C,184.1,74.3,0,0,1,1,0,1,1,1,0,1,1,1,1,1,1,0,0,0,1,1,0,69.2,,80.5,77.9,73.1,83.2,73.3,MATH,MALE,False,False,4,6,457.2,76.2,75.6,83.2,69.2
S0247,Mahir Hossain,CSE,Female,6,C,165.6,74.0,1,1,1,1,0,1,1,1,1,1,1,1,1,1,1,0,1,0,0,1,0,52.6,61.6,82.5,47.9,59.5,54.9,65.7,CSE,FEMALE,False,False,6,7,424.7,60.67142857142857,59.5,82.5,47.9
S0210,Aisha Rahman,CSE,Male,1,D,175.3,73.9,1,0,1,0,1,1,0,1,1,1,1,0,1,1,1,0,0,1,0,1,0,69.3,48.9,44.0,50.0,,68.4,63.3,CSE,MALE,False,False,4,6,343.90000000000003,57.31666666666667,56.65,69.3,44.0
S0106,Zara Hasan,SWE,Male,7,D,177.0,73.6,1,1,1,1,0,1,1,1,1,1,1,0,1,1,1,1,0,0,0,0,1,72.4,67.9,62.2,73.2,,75.1,61.8,SWE,MALE,False,False,6,6,412.59999999999997,68.76666666666667,70.15,75.1,61.8
S0279,Sadia Roy,PHY,Male,8,A,185.7,73.0,1,1,1,1,1,1,1,1,1,1,1,1,1,1,0,1,1,0,0,0,0,47.3,68.4,73.8,54.1,66.6,55.2,63.2,PHYSICS,MALE,False,False,7,7,428.59999999999997,61.22857142857142,63.2,73.8,47.3
S0297,Sakib Chowdhury,CSE,Male,6,B,167.7,72.9,1,1,1,1,1,1,1,0,1,1,1,1,1,0,0,0,1,1,1,1,0,,80.5,86.3,67.7,79.1,75.3,,CSE,MALE,False,False,7,5,388.90000000000003,77.78,79.1,86.3,67.7
S0020,Shuvo Haque,STA,Male,2,D,,72.8,1,0,0,1,0,1,1,0,1,1,1,0,1,1,0,0,1,1,0,0,0,,75.9,81.4,97.0,,87.2,90.2,STAT,MALE,True,False,4,5,431.7,86.34,87.2,97.0,75.9
S0085,Tanzim Biswas,CSE,Male,6,C,169.4,72.7,1,1,0,1,1,1,1,1,1,1,1,1,1,1,1,1,1,1,1,1,1,94.6,96.0,91.4,93.9,91.8,85.5,91.0,CSE,MALE,False,False,6,7,644.2,92.02857142857144,91.8,96.0,85.5
S0161,Jahid Chowdhury,EEE,Other,6,C,169.6,72.7,1,1,1,1,1,1,1,1,1,1,0,1,1,1,0,0,0,0,1,1,1,87.9,86.9,81.0,,89.0,95.4,73.8,EEE,OTHER,False,False,7,6,514.0,85.66666666666667,87.4,95.4,73.8
S0104,Sadia Akter,EEE,Male,1,A,174.9,72.7,0,0,1,1,0,1,1,1,1,1,1,1,1,1,1,0,1,1,1,0,1,66.8,75.3,51.5,61.1,77.5,75.5,47.4,EEE,MALE,False,False,4,7,455.09999999999997,65.0142857142857,66.8,77.5,47.4
S0192,Anika Sarker,CSE,Male,1,D,169.8,72.6,1,0,0,0,0,0,0,0,1,1,0,1,1,0,0,1,1,0,1,1,0,,59.3,56.0,,68.2,61.7,,CSE,MALE,False,False,1,4,245.2,61.3,60.5,68.2,56.0
S0300,Ridwan Khan,CSE,Male,1,B,178.4,72.6,1,0,0,1,1,1,1,1,1,0,1,1,1,1,0,1,0,1,0,1,0,71.0,70.9,,72.1,77.5,87.9,55.1,CSE,MALE,False,False,5,6,434.5,72.41666666666667,71.55,87.9,55.1
S0270,Raisa Barman,CSE,Male,8,C,178.9,72.6,0,1,1,1,1,1,1,0,1,1,1,1,1,1,0,0,1,1,0,1,1,,70.3,74.5,75.4,80.6,69.2,62.8,CSE,MALE,False,False,6,6,432.8,72.13333333333334,72.4,80.6,62.8
S0137,Imran Haque,EEE,Male,7,C,172.1,72.2,1,0,1,1,0,1,1,0,0,1,1,1,0,1,0,0,0,0,1,0,1,,,79.3,94.6,96.0,,76.7,EEE,MALE,False,False,5,4,346.59999999999997,86.64999999999999,86.94999999999999,96.0,76.7
S0258,Shuvo Roy,CSE,Male,7,C,174.1,72.2,1,1,1,1,1,0,1,1,1,0,1,1,0,1,1,1,0,0,1,0,1,61.8,55.7,,78.9,77.4,,64.1,CSE,MALE,False,False,6,5,337.9,67.58,64.1,78.9,55.7
S0229,Tahmid Barman,CSE,Male,7,B,169.3,71.9,1,1,1,1,0,0,0,1,0,1,1,1,1,1,1,0,1,1,0,1,1,51.5,,72.9,67.2,49.5,57.3,82.2,CSE,MALE,False,False,4,6,380.6,63.43333333333334,62.25,82.2,49.5
S0134,Nafis Karim,EEE,Male,7,B,157.7,71.8,0,1,0,0,1,1,1,1,0,0,1,1,1,1,0,0,0,1,1,1,1,49.9,,,53.6,66.1,59.8,63.0,EEE,MALE,False,False,4,5,292.4,58.48,59.8,66.1,49.9
S0273,Aisha Mia,IPE,Male,3,C,177.6,71.8,0,1,1,0,0,1,1,1,1,1,1,1,1,1,0,0,0,0,1,1,0,73.8,79.7,76.3,77.7,81.8,70.6,82.5,IPE,MALE,False,False,4,7,542.4,77.48571428571428,77.7,82.5,70.6
S0095,Jahid Hasan,CSE,Male,2,A,169.2,71.5,0,0,1,1,1,1,1,1,1,1,1,1,1,1,0,0,1,1,0,0,1,68.7,63.8,77.6,71.7,65.6,58.9,83.7,CSE,MALE,False,False,5,7,489.99999999999994,69.99999999999999,68.7,83.7,58.9
S0021,Tamanna Chowdhury,SWE,female,4,A,170.9,71.4,1,1,1,0,0,1,1,1,1,1,1,1,1,1,1,0,0,1,1,0,0,64.0,63.5,52.1,57.5,53.6,44.0,63.8,SWE,FEMALE,False,False,5,7,398.5,56.92857142857143,57.5,64.0,44.0
S0234,Tamanna Biswas,PHY,MALE,6,D,172.2,71.4,1,1,1,1,1,1,1,1,1,1,1,1,0,1,0,1,1,1,1,0,1,52.1,63.3,65.7,63.9,50.1,,56.0,PHYSICS,MALE,False,False,7,6,351.1,58.51666666666667,59.65,65.7,50.1
S0230,Zara Barman,CSE,Male,2,B,168.0,71.1,0,1,1,1,1,1,0,1,1,1,1,1,1,1,1,1,1,0,1,1,1,81.2,70.6,83.0,67.2,68.0,81.6,72.0,CSE,MALE,False,False,5,7,523.6,74.8,72.0,83.0,67.2
S0276,Fahim Das, CSE,Female,3,B,145.5,71.0,1,0,0,1,1,1,0,1,1,1,1,1,1,1,0,1,0,1,1,0,1,68.5,82.6,72.3,73.3,66.8,68.2,69.7,CSE,FEMALE,False,False,4,7,501.4,71.62857142857142,69.7,82.6,66.8
S0039,Ridwan Barman,EEE,male,8,C,183.0,71.0,1,0,0,1,1,1,1,1,1,1,1,1,1,1,0,1,0,1,0,1,0,73.8,44.5,76.0,86.5,81.8,82.1,66.8,EEE,MALE,False,False,5,7,511.50000000000006,73.07142857142858,76.0,86.5,44.5
S0222,Jahid Islam,EEE,Male,3,A,169.1,70.9,1,1,1,1,1,1,1,1,1,0,1,0,1,1,1,1,0,1,0,1,1,82.8,69.4,,68.0,,85.6,92.4,EEE,MALE,False,False,7,5,398.19999999999993,79.63999999999999,82.8,92.4,68.0
S0086,Anika Uddin,E.E.E,Male,4,C,176.2,70.9,1,1,1,1,1,1,1,1,1,1,1,1,1,1,0,1,0,1,1,1,1,68.9,63.9,63.1,61.3,75.5,59.9,73.0,EEE,MALE,False,False,7,7,465.59999999999997,66.5142857142857,63.9,75.5,59.9
S0098,Rayhan Khan,CSE,Male,6,A,164.5,70.8,0,1,0,1,0,1,1,1,1,0,1,1,1,1,1,1,0,1,1,1,1,95.0,90.0,,94.0,94.1,88.0,96.3,CSE,MALE,False,False,4,6,557.4,92.89999999999999,94.05,96.3,88.0
S0171,Raisa Sultana,CSE,FEMALE,2,B,163.2,70.6,1,1,1,1,1,0,1,0,1,1,1,0,0,0,0,0,0,1,0,0,0,,63.1,66.6,65.6,,,,CSE,FEMALE,False,False,6,3,195.29999999999998,65.1,65.6,66.6,63.1
S0023,Mahir Uddin,STA,Male,5,C,162.0,70.5,0,0,1,0,1,1,1,1,1,1,1,1,1,1,1,1,1,0,1,1,0,74.1,68.3,56.4,64.2,74.4,82.2,67.6,STAT,MALE,False,False,4,7,487.19999999999993,69.6,68.3,82.2,56.4
S0219,Fahim Hossain,CSE,Male,1,C,,70.4,1,0,1,1,1,1,1,1,1,1,1,1,1,1,1,0,0,1,1,0,0,98.4,92.5,87.9,74.2,69.6,61.9,80.4,CSE,MALE,True,False,6,7,564.9,80.7,80.4,98.4,61.9
S0007,Tahmid Ahmed,CSE,Female,2,A,165.4,70.0,1,1,1,1,1,1,1,1,1,1,0,1,1,1,1,1,1,0,1,1,1,79.0,74.0,74.3,,74.3,88.3,63.7,CSE,FEMALE,False,False,7,6,453.6,75.60000000000001,74.3,88.3,63.7
S0181,Tahmid Chowdhury,CSE,Male,7,C,165.6,69.9,1,0,1,0,1,0,1,1,1,0,0,1,1,1,1,1,0,0,1,1,0,69.3,64.5,,,80.1,72.0,53.8,CSE,MALE,False,False,4,5,339.7,67.94,69.3,80.1,53.8
S0249,Zara Barman,EEE,Male,3,B,172.8,69.8,1,1,1,1,1,1,0,1,1,1,0,1,0,1,1,0,1,0,0,0,1,46.2,53.6,50.3,,40.9,,56.0,EEE,MALE,False,False,6,5,247.00000000000003,49.400000000000006,50.3,56.0,40.9
S0175,Raisa Rahman,EEE,Male,4,D,176.5,69.8,1,0,1,1,0,1,0,1,1,0,1,1,1,1,1,0,0,1,1,0,1,98.0,72.7,,76.1,80.4,75.7,79.2,EEE,MALE,False,False,4,6,482.09999999999997,80.35,77.65,98.0,72.7
S0246,Jannat Khan,CSE,Female,4,A,160.8,69.7,1,0,1,0,1,1,1,1,1,1,0,0,1,0,1,0,1,0,0,1,0,71.9,58.1,50.7,,,85.7,,CSE,FEMALE,False,False,5,4,266.4,66.6,65.0,85.7,50.7
S0173,Rafi Uddin,MEE,Male,4,B,168.1,69.7,1,1,1,0,1,1,1,0,1,1,0,1,1,0,0,0,1,0,1,1,0,,51.5,81.9,,64.5,81.8,,MEE,MALE,False,False,6,4,279.7,69.925,73.15,81.9,51.5
S0168,Tamanna Molla,PHY,Male,5,C,168.9,69.3,0,1,0,0,1,1,1,0,0,1,1,0,1,1,0,0,0,1,0,0,1,,,46.8,46.7,,58.4,61.4,PHYSICS,MALE,False,False,4,4,213.3,53.325,52.599999999999994,61.4,46.7
S0274,Maliha Biswas,MEE,Male,5,D,177.1,69.2,1,0,1,1,0,1,1,1,1,1,1,0,1,0,0,0,1,0,0,0,0,45.3,72.9,73.3,,,75.8,,MEE,MALE,False,False,5,5,267.3,66.825,73.1,75.8,45.3
S0296,Rafi Haque,EEE,F,7,D,159.5,69.1,1,0,1,1,1,1,0,1,1,1,0,1,1,1,1,1,0,0,1,0,0,69.4,75.8,70.6,,65.5,71.5,81.0,EEE,FEMALE,False,False,5,6,433.79999999999995,72.3,71.05,81.0,65.5
S0164,Jannat Hossain,CSE,Male,2,C,164.1,69.0,1,0,1,0,0,1,0,1,0,1,1,1,1,1,1,0,1,1,1,1,1,73.9,,94.4,82.2,73.6,88.9,82.9,CSE,MALE,False,False,3,6,495.9,82.64999999999999,82.55000000000001,94.4,73.6
S0157,Nabila Hasan,EEE,Male,6,D,165.6,69.0,0,1,1,1,1,1,1,1,0,1,1,1,1,1,1,0,1,1,1,0,0,75.8,,86.6,74.8,78.0,71.9,78.4,EEE,MALE,False,False,6,6,465.5,77.58333333333333,76.9,86.6,71.9
S0049,Rayhan Akter,CSE,Male,6,D,165.7,69.0,1,1,0,0,0,1,1,1,1,1,1,1,1,1,1,1,1,0,1,1,0,77.8,75.8,87.3,71.0,70.3,61.2,78.5,CSE,MALE,False,False,4,7,521.9,74.55714285714285,75.8,87.3,61.2
S0255,Imran Hasan,CSE,Male,5,C,177.1,69.0,0,1,1,1,0,0,1,0,1,1,1,1,1,1,0,1,1,1,1,1,1,,68.6,67.7,46.5,42.0,52.6,53.2,CSE,MALE,False,False,4,6,330.6,55.1,52.900000000000006,68.6,42.0
S0036,Ishita Chowdhury,CSE,Female,5,A,167.5,68.9,0,0,0,1,1,1,0,1,1,1,1,1,1,1,1,1,1,1,1,1,1,69.5,65.5,57.6,63.3,75.9,64.5,57.8,CSE,FEMALE,False,False,3,7,454.09999999999997,64.87142857142857,64.5,75.9,57.6
S0094,Raisa Akter,STA,Male,8,B,167.4,68.7,1,1,1,1,0,0,1,1,1,1,1,1,1,1,1,1,1,1,1,1,1,59.8,67.9,68.7,68.1,70.4,60.3,72.5,STAT,MALE,False,False,5,7,467.7,66.81428571428572,68.1,72.5,59.8
S0191,Shihab Islam,CSE,Male,5,C,169.2,68.7,1,1,1,1,1,1,1,1,0,1,1,1,1,1,1,0,0,0,1,0,0,92.8,,86.9,81.2,94.0,74.6,83.8,CSE,MALE,False,False,7,6,513.3,85.55,85.35,94.0,74.6
S0153,Zara Molla,Physics,Male,4,D,180.9,68.7,0,0,1,0,1,1,1,1,1,1,1,1,0,1,0,1,1,1,1,0,0,66.4,76.5,75.1,65.4,50.4,,67.4,PHYSICS,MALE,False,False,4,6,401.19999999999993,66.86666666666666,66.9,76.5,50.4
S0012,Shuvo Karim,CSE,Male,1,A,159.9,68.3,1,0,0,1,1,1,1,1,1,0,1,1,0,1,0,1,0,1,0,0,0,45.4,78.8,,67.1,60.1,,60.1,CSE,MALE,False,False,5,5,311.5,62.3,60.1,78.8,45.4
S0019,Rayhan Uddin,CSE,MALE,6,A,163.3,68.0,1,1,1,1,0,0,1,1,1,1,1,0,1,0,1,1,0,0,0,1,0,65.5,79.1,53.0,50.7,,79.5,,CSE,MALE,False,False,5,5,327.8,65.56,65.5,79.5,50.7
S0041,Sifat Karim,CSE,MALE,5,A,169.7,68.0,1,1,1,1,1,1,0,1,1,1,0,1,1,1,1,1,1,0,1,1,1,69.5,52.1,47.4,,64.0,,66.2,CSE,MALE,False,False,6,6,299.2,59.839999999999996,64.0,69.5,47.4
S0055,Jannat Hasan,CSE,Male,7,A,181.2,67.8,0,1,1,0,1,1,0,1,0,1,1,1,0,1,0,0,1,1,0,0,1,96.9,,92.4,88.4,90.3,,89.1,CSE,MALE,False,False,4,5,457.1,91.42,90.3,96.9,88.4
S0015,Jahid Akter,CSE,Other,6,A,164.5,67.7,1,1,1,1,1,1,1,1,1,1,1,1,1,1,0,1,0,1,0,1,0,56.3,69.2,62.8,69.3,52.6,72.0,57.5,CSE,OTHER,False,False,7,7,439.70000000000005,62.814285714285724,62.8,72.0,52.6
S0231,Shuvo Hasan,CSE,Male,5,D,165.7,67.7,1,1,1,1,0,1,1,1,1,1,0,0,1,1,1,0,1,0,0,1,1,92.3,91.9,87.2,,,90.2,79.5,CSE,MALE,False,False,6,5,441.09999999999997,88.22,90.2,92.3,79.5
S0275,Ishita Khan,MAT,Male,6,D,179.8,67.7,1,1,1,1,0,1,1,0,1,1,1,1,0,1,0,1,1,1,1,0,1,,72.0,73.0,83.4,72.8,,68.1,MATH,MALE,False,False,6,5,369.29999999999995,73.85999999999999,72.8,83.4,68.1
S0101,Rafi Haque,CSE,M,2,D,167.8,67.5,1,0,1,0,1,1,0,0,0,0,1,1,1,1,0,0,0,1,1,1,1,,,,55.0,67.8,67.5,55.5,CSE,MALE,False,False,4,4,245.8,61.45,61.5,67.8,55.0
S0267,Raisa Chowdhury,C.S.E,Male,6,B,177.5,67.4,1,1,0,1,1,0,1,1,1,1,1,1,1,1,1,1,0,1,1,1,1,85.1,76.9,82.3,86.1,87.0,99.0,90.0,CSE,MALE,False,False,5,7,606.4,86.62857142857142,86.1,99.0,76.9
S0078,Ridwan Chowdhury,EEE,Male,7,A,182.1,67.4,1,1,1,1,1,1,1,0,0,1,1,1,1,1,0,0,0,1,0,1,0,,,74.1,59.8,72.1,77.3,59.7,EEE,MALE,False,False,7,5,342.99999999999994,68.6,72.1,77.3,59.7
S0261,Nafis Rahman,EEE ,Male,5,D,165.7,67.0,0,1,1,1,0,0,1,1,1,1,0,1,0,0,0,0,1,0,1,0,0,73.4,67.9,78.6,,90.0,,,EEE,MALE,False,False,4,4,309.9,77.475,76.0,90.0,67.9
S0126,Imran Chowdhury,SWE,Female,6,D,153.8,66.9,1,0,1,1,1,1,1,1,0,1,1,1,0,1,0,0,1,1,0,0,1,64.4,,71.1,82.0,71.0,,57.9,SWE,FEMALE,False,False,6,5,346.4,69.28,71.0,82.0,57.9
S0248,Maliha Molla,CSE,Male,5,A,178.6,66.8,1,1,1,1,1,1,1,1,1,1,1,1,1,1,0,0,0,1,1,1,1,52.6,68.3,73.8,75.3,78.6,55.0,67.6,CSE,MALE,False,False,7,7,471.20000000000005,67.31428571428572,68.3,78.6,52.6
S0001,Shihab Uddin,EEE,Male,1,A,164.3,66.5,0,0,1,1,1,1,1,1,1,1,1,1,1,1,1,1,1,1,1,1,1,70.3,79.7,76.7,84.7,75.4,83.2,79.0,EEE,MALE,False,False,5,7,549.0,78.42857142857143,79.0,84.7,70.3
S0006,Nabila Biswas,CSE,Male,4,C,173.0,66.5,1,1,1,1,1,0,1,1,1,1,1,0,1,0,0,1,0,1,0,1,0,56.3,69.1,78.3,63.5,,65.3,,CSE,MALE,False,False,6,5,332.5,66.5,65.3,78.3,56.3
S0003,Jannat Roy,STA,Male,7,C,171.7,66.4,0,0,1,0,1,0,1,0,1,0,1,1,1,0,0,1,0,0,1,1,0,,73.7,,63.3,79.8,85.4,,STAT,MALE,False,False,3,4,302.20000000000005,75.55000000000001,76.75,85.4,63.3
S0221,Raisa Biswas,CSE,Female,8,D,156.1,66.3,1,0,1,1,0,1,0,1,1,1,1,1,0,1,1,1,0,0,1,0,1,87.8,50.7,65.4,67.1,63.4,,75.3,CSE,FEMALE,False,False,4,6,409.7,68.28333333333333,66.25,87.8,50.7
S0116,Jannat Roy,mat,Male,6,A,,66.2,1,1,1,0,0,0,0,0,0,1,1,1,1,0,0,0,1,1,0,0,0,,,63.6,65.8,84.3,62.1,,MATH,MALE,True,False,3,4,275.8,68.95,64.7,84.3,62.1
S0244,Anika Molla,STA,Female,3,B,157.5,66.0,1,0,1,1,1,1,1,1,1,1,1,1,1,1,1,0,1,0,1,0,1,87.7,77.1,95.6,85.1,93.9,88.9,83.2,STAT,FEMALE,False,False,6,7,611.5,87.35714285714286,87.7,95.6,77.1
S0170,Hasan Haque,STA,Female,4,B,156.4,65.7,0,0,1,1,0,1,0,1,1,1,0,1,1,1,1,0,0,0,1,1,1,51.6,58.9,47.6,,81.4,80.4,71.6,STAT,FEMALE,False,False,3,6,391.5,65.25,65.25,81.4,47.6
S0154,Fahim Das,MAT,Female,4,A,163.2,65.7,1,1,1,1,1,1,0,1,1,1,1,1,1,1,1,1,0,0,1,0,0,75.0,71.1,48.8,60.4,60.2,50.5,57.9,MATH,FEMALE,False,False,6,7,423.9,60.55714285714286,60.2,75.0,48.8
S0132,Mahir Sarker,CSE,Male,8,D,169.1,65.7,1,0,1,1,0,1,0,1,1,1,0,1,1,1,0,1,0,0,0,0,1,56.0,88.1,63.3,,63.7,58.8,65.8,CSE,MALE,False,False,4,6,395.7,65.95,63.5,88.1,56.0
S0216,Fahim Hasan,CSE,Male,4,B,172.2,65.7,1,0,1,1,1,1,1,1,1,0,1,0,0,1,1,0,0,0,0,0,1,65.5,65.5,,71.5,,,87.3,CSE,MALE,False,False,6,4,289.8,72.45,68.5,87.3,65.5
S0202,Tamanna Molla,PHY,M,7,B,173.7,65.6,1,1,0,1,0,1,1,1,1,1,1,1,1,1,1,1,1,0,0,1,1,75.8,68.5,65.7,76.4,78.8,71.4,68.1,PHYSICS,MALE,False,False,5,7,504.70000000000005,72.10000000000001,71.4,78.8,65.7
S0113,Anika Islam,SWE,Male,4,A,172.9,65.5,0,0,0,1,0,0,1,1,0,1,1,1,1,1,1,0,1,0,1,1,1,66.3,,69.5,85.0,75.7,92.7,85.0,SWE,MALE,False,False,2,6,474.2,79.03333333333333,80.35,92.7,66.3
S0004,Mahir Chowdhury,Statistics,Male,8,B,173.6,65.5,1,1,0,1,0,1,0,1,1,0,1,1,1,1,0,1,0,1,1,0,0,75.7,82.3,,83.0,61.5,73.6,84.1,STATISTICS,MALE,False,False,4,6,460.20000000000005,76.7,79.0,84.1,61.5
S0240,Ridwan Chowdhury,EEE,MALE,8,B,180.7,65.5,1,1,1,1,1,1,1,1,1,1,1,1,1,1,1,0,0,1,1,1,1,55.5,71.5,76.2,71.0,73.5,84.1,74.1,EEE,MALE,False,False,7,7,505.9,72.27142857142857,73.5,84.1,55.5
S0113,Anika Islam,SWE,Male,4,A,172.9,65.5,0,0,0,1,0,0,1,1,0,1,1,1,1,1,1,0,1,0,1,1,1,66.3,,69.5,85.0,75.7,92.7,85.0,SWE,MALE,False,False,2,6,474.2,79.03333333333333,80.35,92.7,66.3
S0004,Mahir Chowdhury,Statistics,Male,8,B,173.6,65.5,1,1,0,1,0,1,0,1,1,0,1,1,1,1,0,1,0,1,1,0,0,75.7,82.3,,83.0,61.5,73.6,84.1,STATISTICS,MALE,False,False,4,6,460.20000000000005,76.7,79.0,84.1,61.5
S0240,Ridwan Chowdhury,EEE,MALE,8,B,180.7,65.5,1,1,1,1,1,1,1,1,1,1,1,1,1,1,1,0,0,1,1,1,1,55.5,71.5,76.2,71.0,73.5,84.1,74.1,EEE,MALE,False,False,7,7,505.9,72.27142857142857,73.5,84.1,55.5
S0099,Sami Ahmed,IPE,Female,8,B,166.5,65.4,0,0,1,1,0,1,1,1,1,1,1,1,1,1,1,1,1,0,0,1,0,70.5,75.0,79.1,,75.2,88.5,75.3,IPE,FEMALE,False,False,4,7,463.6,77.26666666666667,75.25,88.5,70.5
S0166,Tahmid Sultana,CSE,Male,7,D,173.7,65.4,0,1,1,0,1,1,1,1,1,1,1,1,1,0,1,0,0,1,0,1,0,79.2,61.3,77.0,59.0,65.4,75.8,,CSE,MALE,False,False,5,6,417.7,69.61666666666666,70.6,79.2,59.0
S0108,Nabila Molla,PHY,Male,3,B,180.0,65.4,0,0,1,1,1,1,1,1,1,1,1,1,0,1,0,1,1,0,1,0,1,64.0,67.6,60.8,58.4,65.1,,78.5,PHYSICS,MALE,False,False,5,6,394.4,65.73333333333333,64.55,78.5,58.4
S0195,Hasan Islam,MAT,Male,6,B,182.6,65.2,1,1,0,0,0,1,0,1,1,1,1,1,1,1,1,0,1,1,1,1,1,87.2,83.5,75.6,86.1,91.0,74.1,82.0,MATH,MALE,False,False,3,7,579.5,82.78571428571429,83.5,91.0,74.1
S0125,Sadia Das,C.S.E,Male,1,D,166.2,64.6,1,0,1,1,1,0,1,0,1,0,1,1,1,1,0,1,0,1,1,1,1,,84.7,,81.5,76.4,81.5,67.5,CSE,MALE,False,False,5,5,391.6,78.32000000000001,81.5,84.7,67.5
S0076,Mahir Barman,SoftwareEng,Male,3,A,184.4,64.6,0,1,1,1,1,0,0,1,1,1,1,1,1,1,1,1,1,1,1,1,1,78.7,88.1,76.4,83.0,95.2,87.5,71.5,SOFTWAREENG,MALE,False,False,4,7,580.4000000000001,82.91428571428573,83.0,95.2,71.5
S0103,Rayhan Mia,CSE,Female,1,A,162.0,64.5,0,1,1,1,1,1,0,1,1,1,1,1,1,1,0,1,1,1,1,0,0,62.5,51.1,52.3,55.8,71.7,48.9,58.1,CSE,FEMALE,False,False,5,7,400.4,57.199999999999996,55.8,71.7,48.9
S0005,Arif Hasan,STA,Female,5,B,148.9,64.4,0,1,1,1,1,1,0,1,1,1,1,1,1,1,0,1,1,1,1,0,1,84.3,83.8,87.8,84.0,85.1,98.0,96.9,STAT,FEMALE,False,False,5,7,619.9,88.55714285714285,85.1,98.0,83.8
S0067,Arif Mia,CSE,Male,7,D,175.2,64.4,1,1,0,1,1,1,1,1,1,0,1,1,0,1,1,1,0,0,0,0,1,79.7,88.1,,71.3,80.6,,99.0,CSE,MALE,False,False,6,5,418.70000000000005,83.74000000000001,80.6,99.0,71.3
S0077,Jahid Chowdhury,CSE,Female,6,B,158.9,64.3,1,1,1,1,1,1,1,1,1,1,1,0,1,1,1,0,1,1,0,1,1,86.9,78.0,89.7,88.8,,80.7,75.9,CSE,FEMALE,False,False,7,6,500.0,83.33333333333333,83.80000000000001,89.7,75.9
S0034,Sadia Islam,CSE,Male,7,B,176.0,64.2,1,1,1,1,1,1,1,1,1,0,1,0,1,1,1,1,0,1,0,0,1,59.9,65.3,,72.9,,60.2,70.2,CSE,MALE,False,False,7,5,328.5,65.7,65.3,72.9,59.9
S0186,Nabila Ahmed,CSE,Male,6,A,172.9,64.1,0,1,0,1,1,1,1,0,0,1,0,1,1,1,0,0,1,0,0,1,1,,,46.5,,59.1,64.1,74.2,CSE,MALE,False,False,5,4,243.89999999999998,60.974999999999994,61.599999999999994,74.2,46.5
S0218,Tamanna Roy,MAT,Male,2,C,174.6,64.1,0,1,1,0,1,0,1,1,1,1,1,1,1,1,0,0,0,1,1,0,0,58.9,63.3,53.3,73.0,90.2,71.8,58.7,MATH,MALE,False,False,4,7,469.2,67.02857142857142,63.3,90.2,53.3
S0280,Sifat Barman,CSE  ,Female,8,B,148.8,63.9,1,0,1,1,1,0,1,1,1,1,1,1,1,1,1,1,1,1,0,1,1,86.6,88.6,76.6,98.3,79.1,94.0,73.6,CSE,FEMALE,False,False,5,7,596.8,85.25714285714285,86.6,98.3,73.6
S0072,Aisha Hasan,cse,Female,3,A,155.3,63.9,1,1,1,1,1,1,1,0,1,1,0,1,1,1,0,1,0,0,1,0,1,,73.8,64.5,,69.3,79.9,73.2,CSE,FEMALE,False,False,7,5,360.7,72.14,73.2,79.9,64.5
S0199,Jannat Chowdhury,EEE,Female,4,A,161.6,63.9,1,1,1,1,1,1,1,1,1,1,1,1,0,1,1,1,1,1,1,0,0,68.5,62.9,63.8,83.6,73.9,,69.5,EEE,FEMALE,False,False,7,6,422.19999999999993,70.36666666666666,69.0,83.6,62.9
S0197,Sadia Ahmed,MEE,Female,3,A,166.1,63.8,1,1,1,0,0,0,1,1,1,0,0,1,0,1,1,1,0,0,0,0,1,87.2,97.2,,,85.4,,91.3,MEE,FEMALE,False,False,4,4,361.1,90.275,89.25,97.2,85.4
S0058,Rafi Khan,EEE,Female,6,B,156.8,63.7,1,0,0,1,1,1,0,1,1,1,1,0,1,1,0,0,0,0,0,0,0,83.4,56.5,61.2,78.8,,68.9,71.2,EEE,FEMALE,False,False,4,6,420.00000000000006,70.00000000000001,70.05000000000001,83.4,56.5
S0079,Shihab Sarker,ElecEng,Female,6,A,165.8,63.7,1,1,1,1,1,0,0,1,1,1,1,1,1,1,1,1,1,0,0,1,1,71.5,80.8,73.1,77.9,72.4,94.4,65.8,ELECENG,FEMALE,False,False,5,7,535.9,76.55714285714285,73.1,94.4,65.8
S0289,Imran Das,EEE,Female,6,D,166.2,63.7,1,1,1,1,1,1,1,0,1,1,1,1,1,0,0,1,0,0,1,1,0,,48.2,43.7,36.8,52.9,38.2,,EEE,FEMALE,False,False,7,5,219.8,43.96,43.7,52.9,36.8
S0054,Sakib Khan,EEE,Female,8,D,162.4,63.4,0,1,1,1,1,0,1,1,1,0,1,1,1,1,1,1,0,1,1,1,1,74.6,74.8,,68.7,81.2,89.3,62.6,EEE,FEMALE,False,False,5,6,451.2,75.2,74.69999999999999,89.3,62.6
S0105,Tamanna Biswas,CSE,Female,4,B,168.9,63.4,1,1,1,1,1,0,1,0,1,1,1,1,1,1,0,1,1,1,1,1,0,,61.9,54.0,58.5,58.4,82.1,76.5,CSE,FEMALE,False,False,6,6,391.4,65.23333333333333,60.2,82.1,54.0
S0269,Mahir Hasan,cse,Male,8,C,176.0,63.3,1,1,0,1,0,0,0,1,1,1,1,1,0,0,1,1,0,1,1,0,0,80.3,78.3,67.8,88.7,70.2,,,CSE,MALE,False,False,3,5,385.29999999999995,77.05999999999999,78.3,88.7,67.8
S0047,Jahid Rahman,MEE,Male,4,C,172.1,63.2,0,0,1,1,0,1,1,1,0,1,1,0,1,1,1,0,1,1,0,1,1,81.7,,71.3,71.3,,70.1,70.0,MEE,MALE,False,False,4,5,364.4,72.88,71.3,81.7,70.0
S0174,Sadia Islam,EEE,Male,7,A,167.8,62.9,0,1,0,0,0,1,0,1,1,1,1,1,0,1,0,0,1,0,0,0,1,75.0,67.0,81.9,64.7,51.8,,59.3,EEE,MALE,False,False,2,6,399.70000000000005,66.61666666666667,65.85,81.9,51.8
S0174,Sadia Islam,EEE,Male,7,A,167.8,62.9,0,1,0,0,0,1,0,1,1,1,1,1,0,1,0,0,1,0,0,0,1,75.0,67.0,81.9,64.7,51.8,,59.3,EEE,MALE,False,False,2,6,399.70000000000005,66.61666666666667,65.85,81.9,51.8
S0225,Tahia Uddin,EEE,Female,8,D,,62.8,1,0,0,1,1,0,1,0,1,1,0,0,1,1,0,0,1,0,0,1,1,,67.7,44.1,,,69.9,57.3,EEE,FEMALE,True,False,4,4,239.0,59.75,62.5,69.9,44.1
S0201,Sakib Barman,CSE,Female,7,B,150.3,62.7,0,0,1,1,0,1,0,1,1,1,1,1,1,0,1,0,1,1,1,0,0,58.5,,94.6,72.9,77.6,85.8,,CSE,FEMALE,False,False,3,6,389.40000000000003,77.88000000000001,77.6,94.6,58.5
S0115,Fahim Ahmed,CSE,Male,5,C,163.1,62.6,1,1,1,1,1,1,1,1,1,1,1,1,1,1,0,1,1,1,1,1,1,61.8,67.8,72.9,51.2,72.0,61.2,71.3,CSE,MALE,False,False,7,7,458.2,65.45714285714286,67.8,72.9,51.2
S0030,Tamanna Akter,CSE,male,1,B,176.5,62.6,1,1,1,0,1,1,1,1,1,1,1,1,1,1,1,0,0,0,0,1,1,65.7,57.9,53.1,59.6,63.8,59.4,70.0,CSE,MALE,False,False,6,7,429.49999999999994,61.35714285714285,59.6,70.0,53.1
S0265,Mahir Hossain,CSE,M,3,B,165.5,62.4,0,0,1,1,0,1,1,1,1,1,1,1,1,0,1,0,1,0,1,0,0,54.9,48.0,69.4,63.9,62.7,58.9,,CSE,MALE,False,False,4,6,357.8,59.63333333333333,60.8,69.4,48.0
S0087,Jannat Sarker,MEE,MALE,6,B,177.9,62.4,1,1,0,1,0,1,1,1,0,1,1,1,1,1,1,0,0,0,0,1,1,68.5,,64.8,68.3,82.3,72.2,57.3,MEE,MALE,False,False,5,6,413.40000000000003,68.9,68.4,82.3,57.3
S0242,Nafis Karim,MAT,Male,5,A,,62.4,0,1,1,1,0,1,1,1,1,0,0,1,0,0,1,1,0,0,1,0,0,81.2,70.2,,,65.9,,,MATH,MALE,True,False,5,3,217.3,72.43333333333334,70.2,81.2,65.9
S0188,Tamanna Ahmed,EEE,Male,3,C,167.2,62.2,1,1,1,1,1,1,0,1,1,1,0,1,0,1,0,1,1,0,1,0,0,64.9,65.4,76.8,,75.2,,65.0,EEE,MALE,False,False,6,5,347.3,69.46000000000001,65.4,76.8,64.9
S0135,Sadia Haque,iPe,Male,5,D,173.3,62.2,0,1,1,0,1,1,0,0,1,1,1,1,1,1,0,0,0,1,1,1,1,,84.8,84.6,87.0,89.2,96.4,86.0,IPE,MALE,False,False,4,6,528.0,88.0,86.5,96.4,84.6
S0028,Sami Chowdhury,swe,Female,7,B,156.6,62.1,0,0,1,1,1,1,0,1,1,1,1,1,1,1,1,0,1,0,1,0,0,78.4,80.9,82.3,77.8,82.8,66.8,74.4,SWE,FEMALE,False,False,4,7,543.4000000000001,77.62857142857145,78.4,82.8,66.8
S0266,Sakib Rahman,phy ,Male,2,B,171.2,62.1,1,1,1,1,1,1,1,1,1,1,1,1,1,0,1,0,1,1,1,1,0,76.8,73.9,67.6,76.5,89.1,95.9,,PHYSICS,MALE,False,False,7,6,479.79999999999995,79.96666666666665,76.65,95.9,67.6
S0293,Arif Roy,SWE,F,3,C,155.0,62.0,0,0,0,1,1,0,1,0,0,1,1,0,1,1,0,0,1,1,0,0,1,,,68.7,62.4,,55.4,73.4,SWE,FEMALE,False,False,3,4,259.9,64.975,65.55,73.4,55.4
S0237,Jahid Molla,CSE,Female,4,B,,62.0,0,1,1,1,0,0,1,0,1,1,1,1,1,1,0,1,0,0,0,1,0,,79.8,68.9,76.4,75.4,82.1,79.3,CSE,FEMALE,True,False,4,6,461.90000000000003,76.98333333333333,77.85,82.1,68.9
S0123,Jahid Roy,CSE,Male,1,A,171.4,61.8,1,0,1,1,1,1,0,1,1,0,1,1,1,1,0,1,0,1,1,1,1,48.5,50.7,,62.8,53.8,47.1,56.4,CSE,MALE,False,False,5,6,319.3,53.21666666666667,52.25,62.8,47.1
S0045,Rayhan Uddin,CSE,Male,8,B,173.5,61.5,0,1,0,1,0,0,1,0,0,1,1,0,1,0,0,0,1,1,0,0,0,,,80.3,71.5,,71.8,,CSE,MALE,False,False,3,3,223.60000000000002,74.53333333333335,71.8,80.3,71.5
S0059,Jannat Haque,CSE,Male,2,A,181.2,61.4,0,1,0,0,0,0,0,1,0,1,1,0,1,1,1,0,1,1,0,0,1,50.8,,66.5,58.3,,58.5,70.3,CSE,MALE,False,False,1,5,304.4,60.879999999999995,58.5,70.3,50.8
S0169,Tanzim Hasan,CSE,Male,4,C,169.8,61.3,1,1,1,1,1,1,1,1,1,0,1,1,0,1,1,0,0,1,1,0,1,56.0,64.3,,51.6,68.4,,62.4,CSE,MALE,False,False,7,5,302.7,60.54,62.4,68.4,51.6
S0193,Tahia Ahmed,MEE,Female,4,B,164.4,61.2,0,1,1,0,1,1,1,1,1,1,0,1,1,1,0,1,0,0,1,0,1,81.7,87.7,71.3,,92.0,75.7,91.1,MEE,FEMALE,False,False,5,6,499.5,83.25,84.7,92.0,71.3
S0100,Tahmid Hossain,EEE,Male,3,B,164.4,61.0,1,1,1,1,1,0,1,0,1,1,1,1,1,1,0,1,1,1,1,1,1,,97.0,96.8,78.8,85.5,74.7,72.6,EEE,MALE,False,False,6,6,505.4,84.23333333333333,82.15,97.0,72.6
S0141,Nishat Das,EEE,Other,6,C,155.1,60.9,1,1,1,1,1,1,1,0,1,1,1,1,1,1,0,1,0,1,0,1,0,,41.7,43.7,69.6,53.7,42.3,63.5,EEE,OTHER,False,False,7,6,314.5,52.416666666666664,48.7,69.6,41.7
S0250,Tanzila Khan,CSE,F,5,B,161.0,60.8,0,1,1,1,0,0,0,0,1,1,1,0,1,0,0,1,1,0,0,1,0,,77.9,67.7,46.1,,70.3,,CSE,FEMALE,False,False,3,4,262.0,65.5,69.0,77.9,46.1
S0146,Rayhan Chowdhury,EEE,Male,1,B,166.1,60.8,1,1,1,1,1,1,0,0,1,1,1,1,1,1,0,1,0,1,1,0,0,,49.3,58.2,80.6,67.1,34.0,-8.1,EEE,MALE,False,False,6,6,281.09999999999997,46.849999999999994,53.75,80.6,-8.1
S0178,Zara Barman,EEE,Male,7,D,176.8,60.6,1,0,1,1,0,1,1,1,1,0,1,1,1,1,0,1,0,1,1,1,0,67.1,54.0,,64.3,67.5,62.6,71.9,EEE,MALE,False,False,5,6,387.4,64.56666666666666,65.69999999999999,71.9,54.0
S0089,Anika Mia,PHY,Female,5,D,164.0,60.4,1,0,1,1,1,1,1,1,1,1,1,0,1,1,1,0,1,1,0,1,1,65.7,72.7,68.3,77.4,,88.7,87.4,PHYSICS,FEMALE,False,False,6,6,460.20000000000005,76.7,75.05000000000001,88.7,65.7
S0084,Arif Islam,CSE,Male,2,B,170.3,60.3,1,1,1,1,1,1,1,1,1,1,1,1,1,1,1,1,0,0,1,0,1,89.0,74.1,72.3,64.0,80.5,76.5,82.3,CSE,MALE,False,False,7,7,538.6999999999999,76.95714285714284,76.5,89.0,64.0
S0048,Tahia Akter,IPE,Female,7,D,172.7,60.3,1,1,1,1,1,1,1,1,1,1,1,1,0,1,1,1,0,1,0,0,0,62.8,61.0,59.9,77.3,80.4,,67.7,IPE,FEMALE,False,False,7,6,409.09999999999997,68.18333333333332,65.25,80.4,59.9
S0122,Mahir Uddin,STA,Male,8,A,176.1,60.3,0,1,1,0,0,1,1,1,1,1,1,1,0,1,1,1,1,1,1,0,0,94.0,95.9,72.9,83.4,73.6,,62.2,STAT,MALE,False,False,4,6,482.00000000000006,80.33333333333334,78.5,95.9,62.2
S0026,Nafis Akter,CSE,F,3,B,154.6,60.0,1,1,1,1,1,1,1,0,1,1,1,1,1,1,0,1,1,1,1,1,0,,77.9,64.4,72.3,72.5,62.5,74.6,CSE,FEMALE,False,False,7,6,424.20000000000005,70.7,72.4,77.9,62.5
S0143,Sami Mia,CSE,Male,4,C,230.0,60.0,1,1,1,1,1,1,0,1,1,1,1,1,1,0,1,1,1,1,1,0,0,71.0,74.5,79.7,70.1,74.8,69.4,,CSE,MALE,True,False,6,6,439.5,73.25,72.75,79.7,69.4
S0145,Tanzim Mia,CSE,Female,5,A,158.0,59.8,1,1,1,1,1,1,1,1,1,1,0,1,1,1,1,1,1,0,1,1,0,84.8,74.8,73.1,,77.0,73.6,76.2,CSE,FEMALE,False,False,7,6,459.49999999999994,76.58333333333333,75.5,84.8,73.1
S0227,Tamanna Molla, CSE,Male,8,C,167.4,59.8,0,1,1,0,1,1,0,0,1,1,1,1,1,0,0,0,1,0,0,1,0,,67.2,77.8,72.3,68.6,87.7,,CSE,MALE,False,False,4,5,373.59999999999997,74.72,72.3,87.7,67.2
S0080,Nabila Hossain,IPE,Female,7,B,157.1,59.7,1,1,1,1,1,1,1,1,1,1,1,1,1,1,1,0,0,1,1,0,1,79.9,77.1,87.6,85.7,77.6,83.6,82.3,IPE,FEMALE,False,False,7,7,573.8,81.97142857142856,82.3,87.6,77.1
S0260,Ishita Karim,CSE,Male,4,B,166.9,59.7,1,0,0,0,0,1,1,1,1,0,1,1,1,0,0,1,0,1,1,1,0,60.6,63.7,,58.6,64.9,54.0,,CSE,MALE,False,False,3,5,301.8,60.36,60.6,64.9,54.0
S0017,Tanzila Haque,IPE,Male,6,A,171.3,59.7,1,1,1,1,1,1,1,1,1,1,1,1,0,0,1,1,1,1,1,0,0,72.8,78.3,80.9,57.3,77.6,,,IPE,MALE,False,False,7,5,366.9,73.38,77.6,80.9,57.3
S0271,Jahid Uddin,Physics,Female,6,A,160.0,59.4,1,1,1,1,1,1,1,1,1,1,1,1,1,1,1,0,1,0,0,0,0,59.8,53.6,85.0,65.2,74.7,53.6,78.3,PHYSICS,FEMALE,False,False,7,7,470.20000000000005,67.17142857142858,65.2,85.0,53.6
S0232,Sadia Das,CSE,Female,6,C,162.8,59.4,1,0,1,0,0,0,0,1,1,1,1,1,1,1,1,1,0,1,0,0,0,67.9,61.2,67.7,60.2,58.5,58.2,67.8,CSE,FEMALE,False,False,2,7,441.5,63.07142857142857,61.2,67.9,58.2
S0182,Zara Barman,CSE,Female,6,B,,59.3,0,1,0,1,0,1,1,0,1,1,1,1,1,1,0,1,1,0,1,0,0,,70.5,74.1,56.0,60.5,50.0,44.3,CSE,FEMALE,True,False,4,6,355.40000000000003,59.23333333333334,58.25,74.1,44.3
S0063,Sifat Molla,CSE,Female,5,A,159.7,59.2,1,1,0,1,1,0,0,0,1,1,0,1,1,1,0,1,0,0,1,1,0,,62.4,72.5,,82.3,72.5,65.5,CSE,FEMALE,False,False,4,5,355.2,71.03999999999999,72.5,82.3,62.4
S0278,Sakib Das,EEE,male,1,B,169.6,59.2,1,1,1,1,0,0,1,1,1,1,1,1,1,1,0,1,1,0,1,1,0,51.7,76.6,89.6,68.9,63.9,76.3,58.3,EEE,MALE,False,False,5,7,485.3,69.32857142857144,68.9,89.6,51.7
S0268,Rayhan Karim,EEE,Female,1,A,159.1,59.1,0,0,1,0,0,1,1,1,1,1,1,1,1,1,0,1,0,0,0,1,1,59.8,65.1,73.6,69.3,68.3,74.3,61.4,EEE,FEMALE,False,False,3,7,471.8,67.4,68.3,74.3,59.8
S0029,Sami Uddin,CSE,Male,3,C,169.8,59.1,1,1,1,0,1,1,1,1,1,1,1,1,1,1,1,1,1,1,0,0,0,51.9,81.0,65.5,56.5,64.4,52.6,55.1,CSE,MALE,False,False,6,7,427.00000000000006,61.00000000000001,56.5,81.0,51.9
S0253,Nabila Chowdhury,cse,Female,2,D,159.4,59.0,1,0,1,1,0,1,1,1,1,1,0,1,1,1,1,1,1,0,1,1,1,66.8,51.8,77.0,,72.6,72.1,74.9,CSE,FEMALE,False,False,5,6,415.19999999999993,69.19999999999999,72.35,77.0,51.8
S0226,Nishat Rahman,EEE,Male,5,C,159.4,58.6,1,1,1,1,0,1,1,1,1,1,1,1,1,1,0,1,1,1,1,1,1,62.1,82.9,70.7,67.7,55.2,79.3,80.6,EEE,MALE,False,False,6,7,498.5,71.21428571428571,70.7,82.9,55.2
S0033,Anika Ahmed,STA,Female,6,B,148.5,58.4,1,0,1,0,1,1,1,1,1,1,0,1,1,1,0,1,1,0,0,0,0,74.3,71.3,80.1,,73.5,77.1,66.2,STAT,FEMALE,False,False,5,6,442.49999999999994,73.74999999999999,73.9,80.1,66.2
S0263,Tahmid Hossain,EEE,Female,4,A,162.8,58.4,0,1,1,1,0,1,1,0,1,1,1,1,0,0,0,1,1,0,1,0,0,,70.3,68.8,65.7,81.2,,,EEE,FEMALE,False,False,5,4,286.0,71.5,69.55,81.2,65.7
S0162,Nabila Chowdhury,STA,Female,4,B,155.6,58.3,1,1,0,1,0,0,0,1,0,1,1,1,1,1,1,0,0,1,1,1,1,76.1,,71.7,74.1,74.8,64.3,77.7,STAT,FEMALE,False,False,3,6,438.7,73.11666666666666,74.44999999999999,77.7,64.3
S0109,Mahir Khan,CSE,Male,2,D,,58.3,1,1,1,0,0,1,1,1,1,1,1,1,1,1,1,0,0,0,0,0,1,51.6,60.5,55.6,48.9,53.7,48.0,63.4,CSE,MALE,True,False,5,7,381.7,54.528571428571425,53.7,63.4,48.0
S0022,Mahir Islam,CSE,Female,4,C,155.5,58.2,1,1,1,0,1,1,1,1,1,0,1,1,1,1,1,1,0,1,0,1,1,60.5,58.3,,89.5,61.8,74.4,71.0,CSE,FEMALE,False,False,6,6,415.5,69.25,66.4,89.5,58.3
S0064,Shihab Islam,EEE,Male,7,D,166.4,57.9,1,1,0,1,1,0,0,0,1,1,1,1,1,1,0,1,1,1,0,0,0,,85.2,75.3,70.9,78.3,67.6,61.9,EEE,MALE,False,False,4,6,439.19999999999993,73.19999999999999,73.1,85.2,61.9
S0187,Maliha Ahmed,CSE,Female,3,C,157.8,57.8,1,1,1,1,1,1,1,1,1,1,1,0,1,1,1,1,0,1,0,1,0,85.2,78.3,73.4,68.8,,82.1,62.1,CSE,FEMALE,False,False,7,6,449.9,74.98333333333333,75.85,85.2,62.1
S0064,Shihab Islam,EEE,Male,7,D,166.4,57.9,1,1,0,1,1,0,0,0,1,1,1,1,1,1,0,1,1,1,0,0,0,,85.2,75.3,70.9,78.3,67.6,61.9,EEE,MALE,False,False,4,6,439.19999999999993,73.19999999999999,73.1,85.2,61.9
S0187,Maliha Ahmed,CSE,Female,3,C,157.8,57.8,1,1,1,1,1,1,1,1,1,1,1,0,1,1,1,1,0,1,0,1,0,85.2,78.3,73.4,68.8,,82.1,62.1,CSE,FEMALE,False,False,7,6,449.9,74.98333333333333,75.85,85.2,62.1
S0075,Tanzila Hossain,CSE,Female,5,D,158.2,57.7,0,1,0,1,1,1,1,1,0,1,0,1,1,1,1,0,1,0,1,1,0,61.5,,66.2,,60.1,67.7,47.0,CSE,FEMALE,False,False,5,5,302.5,60.5,61.5,67.7,47.0
S0155,Nafis Uddin,EEE,Male,3,A,181.9,57.5,1,0,1,1,1,1,1,1,1,1,1,1,0,1,1,1,1,1,0,0,1,64.9,61.9,63.3,55.1,53.3,,45.7,EEE,MALE,False,False,6,6,344.2,57.36666666666667,58.5,64.9,45.7
S0165,Raisa Uddin,PHY,Male,2,B,168.8,57.4,1,1,1,0,0,0,1,1,0,0,1,1,1,1,0,0,0,0,0,1,1,68.2,,,73.5,72.0,86.0,71.1,PHYSICS,MALE,False,False,4,5,370.79999999999995,74.16,72.0,86.0,68.2
S0224,Tanzim Uddin,EEE,Male,6,C,177.3,57.4,0,0,1,1,0,0,1,1,1,1,1,1,0,1,1,0,1,1,1,0,1,73.1,79.0,85.4,86.2,86.1,,79.7,EEE,MALE,False,False,3,6,489.49999999999994,81.58333333333333,82.55000000000001,86.2,73.1
S0217,Sakib Biswas,CSE,Female,3,A,159.5,57.3,1,0,1,1,1,1,1,1,1,1,1,1,1,1,0,1,1,1,1,0,1,68.1,56.3,58.6,62.0,50.9,47.5,73.6,CSE,FEMALE,False,False,6,7,417.0,59.57142857142857,58.6,73.6,47.5
S0288,Raisa Akter,swe,female,3,D,161.8,57.3,1,1,1,1,0,0,0,1,1,0,1,1,1,1,0,0,0,0,1,0,1,60.1,,,64.0,46.4,61.5,60.0,SWE,FEMALE,False,False,4,6,292.0,58.4,60.1,64.0,46.4
S0163,Sami Barman,EEE,Male,6,C,173.0,57.2,1,1,0,1,1,1,1,1,1,0,1,1,1,1,0,1,0,0,1,0,1,56.4,60.4,,59.1,69.2,65.5,60.2,EEE,MALE,False,False,6,6,370.8,61.800000000000004,60.3,69.2,56.4
S0298,Nishat Barman,STA,Male,6,B,175.2,57.2,0,0,1,1,1,1,0,0,1,1,1,1,1,1,0,1,1,0,1,0,1,,82.1,91.3,92.5,84.1,84.7,98.2,STAT,MALE,False,False,4,6,532.9,88.81666666666666,88.0,98.2,82.1
S0233,Fahim Biswas,CSE,Male,3,C,167.8,57.1,1,1,0,1,1,1,0,0,1,1,0,0,1,0,0,0,1,0,0,0,0,,61.2,53.6,,,26.4,,CSE,MALE,False,False,5,3,141.20000000000002,47.06666666666667,53.6,61.2,26.4
S0241,Ishita Khan,IPE,Female,6,C,153.9,57.0,1,0,0,1,1,1,1,1,1,1,1,1,1,1,0,0,1,1,0,0,0,59.9,62.5,72.2,57.4,57.6,64.6,45.6,IPE,FEMALE,False,False,5,7,419.80000000000007,59.97142857142858,59.9,72.2,45.6
S0179,Ishita Das,CSE,Female,3,B,166.3,57.0,1,1,0,1,1,1,1,1,1,1,1,1,1,1,1,1,1,0,1,1,1,64.5,65.0,52.9,61.9,67.4,58.6,55.7,CSE,FEMALE,False,False,6,7,426.00000000000006,60.85714285714287,61.9,67.4,52.9
S0035,Anika Molla,IPE,Male,2,A,172.7,56.8,0,1,0,1,0,1,1,1,1,1,1,1,1,1,1,1,1,0,1,0,1,79.5,72.6,83.6,85.0,71.3,69.3,78.9,IPE,MALE,False,False,4,7,540.2,77.17142857142858,78.9,85.0,69.3
S0117,Raisa Barman,PHY,Female,1,B,149.8,56.6,1,0,1,1,0,1,0,0,1,1,1,1,0,1,0,1,0,0,0,0,1,,42.2,68.0,54.7,43.1,,53.2,PHYSICS,FEMALE,False,False,4,5,261.2,52.239999999999995,53.2,68.0,42.2
S0010,Hasan Sultana,MEE,Male,5,D,165.8,56.2,0,1,0,1,0,1,1,1,0,1,1,0,1,1,1,0,1,1,0,1,1,82.5,,80.3,87.2,,86.6,89.9,MEE,MALE,False,False,4,5,426.5,85.3,86.6,89.9,80.3
S0013,Rayhan Karim,EEE,Male,8,B,162.0,55.9,1,1,1,1,0,1,0,1,1,1,1,1,1,0,0,1,1,1,1,0,0,63.1,72.2,68.0,76.6,69.3,69.0,,EEE,MALE,False,False,5,6,418.2,69.7,69.15,76.6,63.1
S0292,Ishita Islam,EEE,Female,6,B,172.2,55.9,0,1,0,1,1,1,1,1,1,1,1,1,1,1,1,1,0,0,1,1,1,80.2,74.8,79.8,74.7,79.7,77.7,74.1,EEE,FEMALE,False,False,5,7,541.0,77.28571428571429,77.7,80.2,74.1
S0283,Rayhan Rahman,CSE,Female,7,B,,55.9,1,1,1,1,1,1,1,1,1,0,1,1,1,1,1,1,0,0,1,1,0,83.9,73.7,,86.0,82.2,,84.6,CSE,FEMALE,True,False,7,6,410.4,82.08,83.9,86.0,73.7
S0060,Tanzim Sarker,Mathematics,Female,7,D,120.0,55.8,1,1,1,1,0,1,1,0,0,1,1,1,1,0,0,0,1,1,0,0,0,,,59.3,63.5,52.3,69.2,,MATHEMATICS,FEMALE,True,False,6,4,244.3,61.075,61.4,69.2,52.3
S0110,Tahmid Akter,PHY,Female,1,A,146.9,55.6,1,1,1,0,1,1,0,1,1,1,1,0,1,1,0,1,0,0,0,1,1,69.8,51.3,49.8,66.3,,56.6,61.4,PHYSICS,FEMALE,False,False,5,6,355.2,59.199999999999996,59.0,69.8,49.8
S0180,Mahir Hossain,cse,Female,6,A,153.8,55.6,1,0,0,1,1,0,1,1,0,1,0,1,0,1,0,0,1,0,0,0,0,63.0,,60.1,,68.0,,58.5,CSE,FEMALE,False,False,4,4,249.6,62.4,61.55,68.0,58.5
S0156,Tahmid Haque,CSE,Female,3,C,166.7,55.6,0,1,1,0,1,0,0,0,1,0,1,0,1,1,0,1,0,0,0,1,1,,62.4,,62.7,,58.9,57.6,CSE,FEMALE,False,False,3,4,241.6,60.4,60.65,62.7,57.6
S0172,Tahia Uddin,CSE,Female,6,C,148.0,55.5,1,0,0,0,0,0,0,1,0,1,1,1,1,0,1,0,1,0,1,1,0,79.3,,75.7,71.0,66.1,69.7,,CSE,FEMALE,False,False,1,5,361.8,72.36,71.0,79.3,66.1
S0102,Hasan Molla,IPE,Male,3,B,179.0,55.1,1,0,1,1,1,1,0,1,1,1,1,1,0,1,1,1,1,1,1,0,1,70.2,54.7,69.4,63.9,60.3,,66.3,IPE,MALE,False,False,5,6,384.8,64.13333333333334,65.1,70.2,54.7
S0114,Rafi Chowdhury,CSE  ,Other,3,D,160.0,54.9,1,1,1,0,1,1,0,1,1,1,1,1,1,1,1,1,1,1,1,1,1,93.7,92.9,81.5,81.9,69.6,70.5,92.0,CSE,OTHER,False,False,5,7,582.1,83.15714285714286,81.9,93.7,69.6
S0011,Sami Hasan,EEE,Female,3,A,154.9,54.5,0,1,0,1,1,0,1,1,1,1,1,0,1,1,0,1,1,0,0,1,0,51.2,72.5,67.7,61.8,,78.6,83.0,EEE,FEMALE,False,False,4,6,414.79999999999995,69.13333333333333,70.1,83.0,51.2
S0243,Ishita Sultana,EEE,Male,7,A,170.6,54.5,1,1,0,1,1,0,1,1,1,1,1,1,1,1,1,0,1,0,0,0,1,73.7,60.2,74.1,60.3,57.3,,67.1,EEE,MALE,False,False,5,7,392.70000000000005,65.45,63.699999999999996,74.1,57.3
S0044,Shihab Barman,EEE,Male,2,A,163.0,54.4,0,0,0,0,0,1,1,1,1,1,1,1,0,1,1,1,1,1,0,0,1,72.8,73.3,63.9,60.3,72.5,,66.0,EEE,MALE,False,False,2,6,408.8,68.13333333333334,69.25,73.3,60.3
S0295,Hasan Das,cse,Female,4,B,155.8,54.3,0,1,1,0,1,1,0,1,1,1,1,1,1,0,1,1,1,1,0,1,0,55.5,77.2,60.3,64.1,62.2,62.6,,CSE,FEMALE,False,False,4,6,381.90000000000003,63.650000000000006,62.400000000000006,77.2,55.5
S0057,Tanzim Barman,mee,Male,8,C,169.2,54.2,1,1,1,1,0,0,0,0,1,1,1,1,1,1,0,1,1,1,1,0,1,,62.0,64.6,48.9,52.7,49.8,63.2,MEE,MALE,False,False,4,6,341.2,56.86666666666667,57.35,64.6,48.9
S0082,Raisa Chowdhury,CSE,MALE,2,D,179.5,54.1,1,1,1,1,1,1,1,1,1,1,1,1,1,1,1,1,1,0,1,1,1,90.0,88.7,88.1,73.3,53.9,86.7,73.9,CSE,MALE,False,False,7,7,554.5999999999999,79.22857142857141,86.7,90.0,53.9
S0051,Zara Khan,CSE,Female,7,B,161.5,54.0,0,1,0,1,1,1,1,1,0,1,1,1,1,1,1,0,1,1,0,1,1,56.8,,68.5,53.7,45.4,61.3,62.9,CSE,FEMALE,False,False,5,6,348.59999999999997,58.099999999999994,59.05,68.5,45.4
S0128,Tahmid Khan,CSE,Male,5,C,161.3,53.9,1,0,1,1,1,0,1,1,1,1,1,1,1,1,0,1,0,1,1,0,0,87.1,74.7,65.5,74.4,73.0,78.0,79.1,CSE,MALE,False,False,5,7,531.8000000000001,75.97142857142858,74.7,87.1,65.5
S0200,Mahir Akter,CSE,male,6,C,169.8,53.9,1,1,1,1,1,1,1,1,1,1,1,1,1,1,1,0,1,1,1,1,1,65.6,64.7,93.8,69.6,62.9,69.5,90.9,CSE,MALE,False,False,7,7,517.0,73.85714285714286,69.5,93.8,62.9
S0177,Aisha Roy,mat,Female,7,A,165.5,53.8,0,0,1,0,1,0,0,1,1,1,1,1,1,0,1,0,0,1,1,1,0,59.1,37.4,44.5,56.0,45.2,49.2,,MATH,FEMALE,False,False,2,6,291.4,48.56666666666666,47.2,59.1,37.4
S0142,Jannat Sarker,CSE,Female,4,D,153.7,53.7,1,0,1,0,1,1,1,1,1,1,1,0,1,1,1,1,0,0,0,0,1,96.4,76.6,75.5,62.0,,62.8,65.3,CSE,FEMALE,False,False,5,6,438.6,73.10000000000001,70.4,96.4,62.0
S0040,Sakib Islam,CSE,Female,3,A,167.1,53.5,1,0,1,0,1,1,0,1,1,1,0,1,1,1,1,1,1,0,1,0,1,73.5,64.3,92.0,,66.9,54.0,56.5,CSE,FEMALE,False,False,4,6,407.20000000000005,67.86666666666667,65.6,92.0,54.0
S0092,Anika Biswas,MEE,Male,8,D,171.3,53.4,1,1,1,1,1,1,0,1,1,1,0,1,1,1,0,1,1,0,1,1,0,64.1,86.5,80.6,,71.7,81.3,79.6,MEE,MALE,False,False,6,6,463.79999999999995,77.3,80.1,86.5,64.1
S0223,Jannat Sarker,CSE  ,Male,3,B,168.3,53.1,0,1,0,0,0,1,0,1,1,1,1,0,1,1,1,1,1,0,0,0,1,75.1,92.6,69.9,76.0,,88.7,82.5,CSE,MALE,False,False,2,6,484.8,80.8,79.25,92.6,69.9
S0042,Shihab Biswas,CSE,Male,5,B,174.0,52.7,0,0,1,1,1,1,1,1,1,0,1,0,0,1,1,1,0,1,0,0,1,79.4,73.1,,76.8,,,81.3,CSE,MALE,False,False,5,4,310.6,77.65,78.1,81.3,73.1
S0239,Nafis Sarker,STA,Female,1,A,159.8,52.6,1,0,1,1,1,0,1,0,1,1,1,1,1,1,0,1,1,1,1,0,0,,56.4,,53.5,66.2,50.3,58.0,STAT,FEMALE,False,False,5,6,284.40000000000003,56.88000000000001,56.4,66.2,50.3
S0150,Sifat Haque,PHY,Female,4,C,161.2,52.5,1,0,1,0,1,1,1,0,1,1,1,1,1,1,0,1,1,0,1,1,0,,70.9,65.7,38.9,33.5,49.1,36.7,PHYSICS,FEMALE,False,False,5,6,294.8,49.13333333333333,44.0,70.9,33.5
S0050,Ridwan Biswas,CSE,Female,3,B,152.2,52.1,0,1,1,0,1,1,1,1,1,1,1,1,1,1,1,1,0,1,1,1,0,79.6,79.5,86.5,74.5,75.8,75.5,75.6,CSE,FEMALE,False,False,5,7,547.0,78.14285714285714,75.8,86.5,74.5
S0235,Nafis Islam,MAT,Female,4,A,157.3,52.1,1,1,1,1,1,1,1,1,1,1,0,1,1,1,0,1,1,0,0,1,1,59.8,69.7,54.2,,63.1,57.2,64.0,MATH,FEMALE,False,False,7,6,368.0,61.333333333333336,61.45,69.7,54.2
S0008,Jahid Barman,CSE,Female,6,A,151.9,52.0,0,0,0,1,0,1,0,1,1,1,1,1,1,1,1,1,1,0,0,1,0,46.1,58.9,56.7,66.1,69.8,69.4,59.2,CSE,FEMALE,False,False,2,7,426.2,60.885714285714286,59.2,69.8,46.1
S0194,Fahim Sarker,EEE,Female,4,B,154.6,52.0,1,1,1,1,1,1,1,0,1,1,1,1,1,0,0,0,0,1,0,0,0,,77.9,99.0,89.9,91.0,70.1,,EEE,FEMALE,False,False,7,5,427.9,85.58,89.9,99.0,70.1
S0148,Tahia Mia,MAT,Female,4,A,152.2,51.7,0,0,0,1,1,1,0,1,1,0,1,0,1,1,1,1,0,1,0,1,0,81.7,51.5,,71.8,,84.9,84.9,MATH,FEMALE,False,False,3,5,374.79999999999995,74.96,81.7,84.9,51.5
S0027,Anika Sultana,CSE  ,Female,6,B,150.8,51.2,1,1,1,1,0,1,0,0,1,0,0,1,1,1,0,1,0,0,1,1,0,,87.9,,,87.4,76.8,82.0,CSE,FEMALE,False,False,5,4,334.1,83.525,84.7,87.9,76.8
S0207,Tahia Barman,CSE,Female,2,B,155.1,51.2,1,1,0,1,1,0,1,0,1,1,1,0,1,1,0,0,1,1,0,1,0,,79.5,88.3,82.4,,74.4,64.9,CSE,FEMALE,False,False,5,5,389.5,77.9,79.5,88.3,64.9
S0121,Anika Ahmed,ElecEng,M,1,B,161.1,51.1,1,1,1,1,0,1,1,1,1,1,1,1,1,0,0,0,1,0,0,1,0,54.3,59.0,79.6,44.9,50.1,67.8,,ELECENG,MALE,False,False,6,6,355.7,59.28333333333333,56.65,79.6,44.9
S0081,Sifat Islam,CSE,Female,3,A,159.2,50.8,0,1,1,1,0,1,1,0,1,0,1,1,0,1,0,0,0,0,1,0,0,,95.5,,77.7,91.0,,81.2,CSE,FEMALE,False,False,5,4,345.4,86.35,86.1,95.5,77.7
S0062,Tamanna Uddin,EEE,Male,7,B,171.4,50.7,1,1,1,0,1,0,0,1,1,1,1,0,1,1,1,1,1,1,0,1,1,77.2,88.2,80.1,77.1,,65.9,71.0,EEE,MALE,False,False,4,6,459.5,76.58333333333333,77.15,88.2,65.9
S0069,Rafi Haque,MEE,Female,1,D,170.2,50.6,1,1,1,1,1,1,0,1,1,1,1,0,1,1,0,1,0,1,0,0,0,47.7,70.0,51.3,62.8,,60.0,63.7,MEE,FEMALE,False,False,6,6,355.5,59.25,61.4,70.0,47.7
S0159,Rayhan Chowdhury,STA,Female,2,B,148.6,50.5,1,1,0,0,1,0,1,0,0,0,0,1,1,1,0,0,0,0,0,1,0,,,,,65.4,64.8,53.4,STAT,FEMALE,False,False,4,3,183.6,61.199999999999996,64.8,65.4,53.4
S0299,Sadia Roy,MAT,Female,1,C,160.5,50.5,1,0,1,1,1,1,1,1,1,1,1,0,1,0,0,1,0,0,0,1,0,72.3,73.6,66.9,50.3,,71.4,,MATH,FEMALE,False,False,6,5,334.5,66.9,71.4,73.6,50.3
S0056,Imran Islam,CSE,Female,3,A,171.1,50.4,1,0,0,1,1,1,1,0,0,1,1,1,1,1,0,0,0,1,1,1,1,,,77.8,79.2,73.5,75.0,70.0,CSE,FEMALE,False,False,5,5,375.5,75.1,75.0,79.2,70.0
S0037,Rayhan Khan,STA,Male,4,A,172.6,50.4,1,1,1,0,1,1,0,1,1,0,1,1,1,1,0,1,0,1,1,1,1,71.7,70.3,,60.6,75.7,72.5,66.0,STAT,MALE,False,False,5,6,416.8,69.46666666666667,71.0,75.7,60.6
S0158,Ridwan Khan,CSE,Female,4,C,157.6,50.1,1,1,1,0,1,1,0,1,1,1,0,1,1,1,1,0,1,0,0,1,0,81.5,68.4,62.4,,68.3,68.7,78.1,CSE,FEMALE,False,False,5,6,427.4,71.23333333333333,68.55000000000001,81.5,62.4
S0262,Maliha Roy,CSE,Female,1,A,149.6,49.6,1,0,1,1,1,0,0,1,1,1,1,0,1,1,1,1,1,1,0,1,1,60.8,68.3,80.4,78.5,,88.1,70.7,CSE,FEMALE,False,False,4,6,446.8,74.46666666666667,74.6,88.1,60.8
S0212,Mahir Hasan,PHY,Female,2,B,,49.4,1,1,1,1,1,1,1,0,1,1,1,0,1,1,0,1,1,0,0,0,1,,75.2,68.0,74.7,,69.6,82.4,PHYSICS,FEMALE,True,False,7,5,369.9,73.97999999999999,74.7,82.4,68.0
S0131,Fahim Chowdhury,STA,Female,1,B,160.6,49.1,0,1,0,0,1,0,0,1,1,1,1,1,1,1,1,1,1,0,0,1,1,66.1,62.9,65.8,66.7,58.4,62.6,71.1,STAT,FEMALE,False,False,2,7,453.6,64.8,65.8,71.1,58.4
S0144,Shihab Biswas,MEE,Male,3,D,170.1,48.9,0,1,0,1,1,0,1,1,0,0,1,1,1,1,0,0,0,1,1,0,1,50.6,,,77.0,55.6,55.1,62.6,MEE,MALE,False,False,4,5,300.9,60.17999999999999,55.6,77.0,50.6
S0127,Maliha Islam,EEE,Female,4,B,152.3,48.8,0,1,1,0,1,1,1,1,1,1,1,1,0,1,1,1,0,0,1,0,1,70.5,74.0,45.6,65.4,69.7,,62.4,EEE,FEMALE,False,False,5,6,387.59999999999997,64.6,67.55000000000001,74.0,45.6
S0061,Tamanna Uddin,CSE,Female,8,B,154.2,48.3,1,1,1,1,0,1,1,1,1,1,1,1,1,1,0,1,0,1,0,1,1,82.9,94.0,91.9,90.7,93.9,92.4,93.7,CSE,FEMALE,False,False,6,7,639.5,91.35714285714286,92.4,94.0,82.9
S0147,Sadia Rahman,sta,Female,7,A,171.3,48.1,0,1,0,1,1,1,0,1,1,0,1,1,0,1,0,0,0,1,0,0,1,76.0,77.1,,69.9,76.4,,71.8,STAT,FEMALE,False,False,4,5,371.2,74.24,76.0,77.1,69.9
S0025,Tamanna Ahmed,IPE,Male,3,A,171.7,47.1,1,1,1,1,1,1,1,1,1,1,1,1,1,1,0,1,1,0,1,0,1,70.3,48.4,48.3,59.4,66.0,68.7,62.7,IPE,MALE,False,False,7,7,423.79999999999995,60.54285714285714,62.7,70.3,48.3
S0251,Fahim Khan,C.S.E,Male,3,C,,47.0,1,1,1,1,0,1,1,0,1,1,1,1,1,1,0,1,1,0,0,1,1,,62.1,56.9,75.9,41.5,64.3,70.8,CSE,MALE,True,False,6,6,371.5,61.916666666666664,63.2,75.9,41.5
S0294,Tamanna Uddin,EEE,Female,7,A,148.9,46.8,1,0,1,1,0,1,1,1,1,1,1,1,1,1,1,0,0,1,0,1,0,61.4,51.9,64.2,76.2,50.8,75.9,70.0,EEE,FEMALE,False,False,5,7,450.4,64.34285714285714,64.2,76.2,50.8
S0031,Tahia Sultana,EEE ,Female,2,B,155.8,46.6,1,0,0,0,1,1,1,1,1,1,1,0,1,0,0,1,1,1,0,0,0,67.9,63.3,75.1,92.3,,87.5,,EEE,FEMALE,False,False,4,5,386.09999999999997,77.22,75.1,92.3,63.3
S0213,Nafis Hossain,CSE,Female,8,C,156.0,46.5,1,1,1,1,0,1,0,1,1,1,0,1,0,1,1,1,0,0,1,0,0,86.2,78.6,91.1,,93.0,,90.3,CSE,FEMALE,False,False,5,5,439.2,87.84,90.3,93.0,78.6
S0203,Imran Uddin,PHY,Female,3,A,151.4,46.0,1,1,1,1,1,1,1,1,1,1,1,1,1,1,1,0,1,0,1,1,0,70.5,63.1,62.6,58.8,70.7,60.9,70.9,PHYSICS,FEMALE,False,False,7,7,457.5,65.35714285714286,63.1,70.9,58.8
S0204,Tahia Islam,EEE,Female,2,B,156.9,45.9,1,0,0,0,0,1,1,1,1,1,1,1,1,1,1,0,1,1,1,0,1,95.3,80.9,98.2,67.0,79.8,91.8,85.7,EEE,FEMALE,False,False,3,7,598.7,85.52857142857144,85.7,98.2,67.0
S0088,Arif Khan,Statistics,Female,4,C,160.5,44.9,0,0,1,0,0,0,0,0,1,1,1,1,1,1,0,1,0,1,0,0,1,,92.9,68.5,91.6,76.0,80.6,77.2,STATISTICS,FEMALE,False,False,1,6,486.8,81.13333333333334,78.9,92.9,68.5
S0291,Sifat Hossain,MAT,Female,8,D,155.7,42.9,1,1,1,0,1,1,1,1,1,0,1,1,1,0,1,0,0,1,1,1,0,54.6,48.9,,56.3,55.6,59.0,,MATH,FEMALE,False,False,6,5,274.4,54.879999999999995,55.6,59.0,48.9
S0238,Sakib Chowdhury,CSE,Male,1,C,173.6,42.3,1,1,1,0,0,0,1,0,1,0,1,1,1,1,0,0,0,1,1,1,1,,55.0,,58.0,70.7,69.2,57.8,CSE,MALE,False,False,4,5,310.7,62.14,58.0,70.7,55.0
S0264,Tanzila Hossain,CSE,Female,4,C,161.5,42.0,1,1,1,1,1,1,0,1,1,1,1,1,0,0,0,1,1,1,1,0,0,52.9,65.2,55.7,41.4,60.7,,,CSE,FEMALE,False,False,6,5,275.90000000000003,55.18000000000001,55.7,65.2,41.4
S0184,Ishita Akter,SWE,Female,2,C,159.6,41.9,1,0,1,1,0,1,0,1,1,1,0,1,1,1,0,1,1,0,1,1,1,71.8,75.3,58.3,,59.5,82.0,63.1,SWE,FEMALE,False,False,4,6,410.0,68.33333333333333,67.45,82.0,58.3
S0107,Arif Sarker,EEE,Female,4,A,170.7,41.9,1,0,1,1,1,1,1,0,1,1,1,1,1,0,0,1,1,1,0,1,0,,89.8,56.4,60.3,74.2,77.2,,EEE,FEMALE,False,False,6,5,357.9,71.58,74.2,89.8,56.4
S0252,Sakib Akter,EEE,Female,2,D,154.6,40.8,1,1,1,1,1,1,1,0,1,1,1,1,1,0,0,1,1,1,0,1,0,,74.5,67.0,73.9,62.6,72.8,,EEE,FEMALE,False,False,7,5,350.8,70.16,72.8,74.5,62.6
S0138,Nafis Akter,E.E.E,Female,2,A,163.5,40.7,1,0,0,1,0,1,0,1,1,1,1,1,0,1,1,0,0,0,1,0,0,70.6,61.5,73.8,57.3,64.3,,57.3,EEE,FEMALE,False,False,3,6,384.8,64.13333333333334,62.9,73.8,57.3
S0091,Rayhan Ahmed,MAT,Male,6,B,175.8,39.8,1,1,1,0,1,1,1,1,1,1,1,1,1,1,1,1,1,1,0,1,0,52.2,53.2,60.3,48.4,54.8,62.9,48.9,MATH,MALE,False,False,6,7,380.69999999999993,54.38571428571428,53.2,62.9,48.4
S0284,Imran Akter,CSE,Female,2,A,156.3,39.7,1,0,1,1,1,0,0,1,1,1,1,1,0,1,1,1,1,0,1,0,1,57.5,88.7,96.6,81.7,96.0,,78.5,CSE,FEMALE,False,False,4,6,499.0,83.16666666666667,85.2,96.6,57.5
S0074,Sadia Molla,IPE,Female,4,A,154.3,39.1,1,1,1,1,1,1,1,1,0,1,1,1,1,1,0,0,1,1,0,1,0,50.6,,65.2,81.7,59.7,67.3,62.2,IPE,FEMALE,False,False,7,6,386.7,64.45,63.7,81.7,50.6
S0282,Shuvo Khan,MEE,Female,8,A,152.2,38.8,1,1,0,1,1,1,1,1,1,1,1,0,1,1,0,1,1,1,0,1,1,65.4,74.7,66.8,76.3,,62.1,63.9,MEE,FEMALE,False,False,6,6,409.20000000000005,68.2,66.1,76.3,62.1
S0183,Raisa Biswas,C.S.E,Male,8,C,167.1,31.4,1,0,0,1,0,0,1,0,1,1,1,0,1,0,0,1,1,1,0,1,0,,83.6,84.1,50.3,,70.0,,CSE,MALE,False,True,3,4,288.0,72.0,76.8,84.1,50.3
S0220,Sami Roy,EEE,Female,5,C,157.1,5.0,1,0,0,1,0,0,1,0,1,0,1,1,1,1,0,0,0,1,1,1,0,,51.1,,73.9,61.0,66.3,70.4,EEE,FEMALE,False,True,3,5,322.70000000000005,64.54,66.3,73.9,51.1
S0016,Jannat Sarker,PHY,Male,1,C,176.7,-10.0,1,1,1,1,1,1,1,1,1,1,1,1,1,1,1,0,1,0,1,1,1,87.5,81.4,82.9,78.1,75.9,80.1,82.0,PHYSICS,MALE,False,True,7,7,567.9,81.12857142857142,81.4,87.5,75.9
S0014,Anika Mia,Statistics,MALE,2,C,177.4,-10.0,1,1,1,1,0,1,0,1,1,1,1,0,1,0,1,1,0,1,0,0,0,74.8,67.0,67.5,73.6,,61.8,,STATISTICS,MALE,False,True,5,5,344.7,68.94,67.5,74.8,61.8
S0208,Jahid Haque,EEE,Male,7,B,146.8,,1,1,1,0,1,1,1,1,1,1,0,1,1,1,1,1,1,0,1,1,1,73.1,69.3,87.4,,76.6,69.6,77.4,EEE,MALE,False,True,6,6,453.4,75.56666666666666,74.85,87.4,69.3
S0111,Tanzila Roy,MAT,Female,4,A,154.5,,1,1,1,1,1,1,1,1,1,1,1,1,1,0,0,1,0,0,0,0,0,70.5,68.8,60.4,70.7,77.5,67.8,,MATH,FEMALE,False,True,7,6,415.70000000000005,69.28333333333335,69.65,77.5,60.4
S0066,Shuvo Chowdhury,EEE,Male,4,B,161.6,,1,1,0,0,1,1,0,1,1,1,1,1,1,0,1,0,0,1,1,1,0,90.6,72.7,66.0,73.0,76.4,68.3,,EEE,MALE,False,True,4,6,447.00000000000006,74.50000000000001,72.85,90.6,66.0
S0118,Sakib Hossain,CSE,male,1,B,164.7,,0,1,0,1,0,1,0,1,1,1,1,1,1,1,1,1,1,1,1,1,1,97.5,80.0,99.5,91.0,90.1,93.8,85.9,CSE,MALE,False,True,3,7,637.8,91.11428571428571,91.0,99.5,80.0
S0205,Raisa Sarker,STA,Female,1,C,164.8,,0,0,1,1,0,0,0,1,0,1,1,1,1,1,1,0,1,1,0,1,1,,,68.4,76.3,58.8,63.0,,STAT,FEMALE,False,True,2,6,266.5,66.625,65.7,76.3,58.8
S0290,Sakib Biswas,MAT,Male,2,C,166.9,,1,1,0,1,1,1,1,1,1,1,1,1,1,1,1,0,0,0,1,0,1,77.1,80.2,90.5,86.4,87.9,80.6,65.1,MATH,MALE,False,True,6,7,567.8000000000001,81.11428571428573,80.6,90.5,65.1
S0281,Mahir Molla,SWE,Male,3,A,168.2,,1,1,1,1,1,1,1,1,0,1,1,1,0,1,1,0,1,1,0,0,1,67.9,,59.5,57.9,67.8,,68.4,SWE,MALE,False,True,7,5,321.5,64.3,67.8,68.4,57.9
S0120,Mahir Barman,CSE,Male,2,B,168.8,,1,0,1,1,1,1,0,1,0,0,1,1,0,1,1,0,0,1,1,0,1,79.7,,,81.4,85.3,,70.5,CSE,MALE,False,True,5,4,316.90000000000003,79.22500000000001,80.55000000000001,85.3,70.5
S0277,Tamanna Rahman,MAT,Male,4,B,171.8,,0,1,1,1,1,1,0,1,1,0,1,1,1,1,0,0,0,1,1,0,0,81.7,81.5,,77.4,74.3,65.7,65.7,MATH,MALE,False,True,5,6,446.29999999999995,74.38333333333333,75.85,81.7,65.7
S0215,Hasan Roy,PHY,Male,5,D,176.3,,1,1,1,1,1,1,1,1,1,1,1,1,1,1,0,1,0,0,1,1,1,68.2,71.0,75.8,77.3,57.5,72.2,85.4,PHYSICS,MALE,False,True,7,7,507.4,72.48571428571428,72.2,85.4,57.5
S0259,Nishat Sarker,CSE,Male,6,D,177.5,,1,1,1,1,1,1,1,1,1,0,1,1,1,1,1,1,0,1,1,1,1,92.6,81.8,,81.8,98.4,96.2,84.4,CSE,MALE,False,True,7,6,535.2,89.2,88.5,98.4,81.8
S0149,Nafis Akter,EEE,Male,8,B,,,1,1,1,0,1,1,1,1,1,1,1,0,1,1,0,1,1,1,0,1,1,72.2,63.6,91.1,77.3,,84.4,62.1,EEE,MALE,True,True,6,6,450.70000000000005,75.11666666666667,74.75,91.1,62.1
